{
  "__type__": "cc.SpriteFrame",
  "content": {
    "name": "boss_lord_abyss_phasechange",
    "atlas": "",
    "rect": {
      "x": 11,
      "y": 4,
      "width": 73,
      "height": 88
    },
    "offset": {
      "x": -0.5,
      "y": 0
    },
    "originalSize": {
      "width": 96,
      "height": 96
    },
    "rotated": false,
    "capInsets": [
      0,
      0,
      0,
      0
    ],
    "vertices": {
      "rawPosition": [
        -36.5,
        -44,
        0,
        36.5,
        -44,
        0,
        -36.5,
        44,
        0,
        36.5,
        44,
        0
      ],
      "indexes": [
        0,
        1,
        2,
        2,
        1,
        3
      ],
      "uv": [
        11,
        92,
        84,
        92,
        11,
        4,
        84,
        4
      ],
      "nuv": [
        0.11458333333333333,
        0.041666666666666664,
        0.875,
        0.041666666666666664,
        0.11458333333333333,
        0.9583333333333334,
        0.875,
        0.9583333333333334
      ],
      "minPos": {
        "x": -36.5,
        "y": -44,
        "z": 0
      },
      "maxPos": {
        "x": 36.5,
        "y": 44,
        "z": 0
      }
    },
    "texture": "f83e9a7b-46ba-4817-837f-a105499d1c17@6c48a",
    "packable": true,
    "pixelsToUnit": 100,
    "pivot": {
      "x": 0.5,
      "y": 0.5
    },
    "meshType": 0
  }
}