{
  "__type__": "cc.SpriteFrame",
  "content": {
    "name": "btn_revive_default",
    "atlas": "",
    "rect": {
      "x": 19,
      "y": 6,
      "width": 201,
      "height": 64
    },
    "offset": {
      "x": -0.5,
      "y": 0
    },
    "originalSize": {
      "width": 240,
      "height": 76
    },
    "rotated": false,
    "capInsets": [
      0,
      0,
      0,
      0
    ],
    "vertices": {
      "rawPosition": [
        -100.5,
        -32,
        0,
        100.5,
        -32,
        0,
        -100.5,
        32,
        0,
        100.5,
        32,
        0
      ],
      "indexes": [
        0,
        1,
        2,
        2,
        1,
        3
      ],
      "uv": [
        19,
        70,
        220,
        70,
        19,
        6,
        220,
        6
      ],
      "nuv": [
        0.07916666666666666,
        0.07894736842105263,
        0.9166666666666666,
        0.07894736842105263,
        0.07916666666666666,
        0.9210526315789473,
        0.9166666666666666,
        0.9210526315789473
      ],
      "minPos": {
        "x": -100.5,
        "y": -32,
        "z": 0
      },
      "maxPos": {
        "x": 100.5,
        "y": 32,
        "z": 0
      }
    },
    "texture": "da19c7be-4e60-4abc-9e05-07dadc197062@6c48a",
    "packable": true,
    "pixelsToUnit": 100,
    "pivot": {
      "x": 0.5,
      "y": 0.5
    },
    "meshType": 0
  }
}