{
  "__type__": "cc.SpriteFrame",
  "content": {
    "name": "fx_heal",
    "atlas": "",
    "rect": {
      "x": 39,
      "y": 51,
      "width": 141,
      "height": 1039
    },
    "offset": {
      "x": 13.5,
      "y": 5.5
    },
    "originalSize": {
      "width": 192,
      "height": 1152
    },
    "rotated": false,
    "capInsets": [
      0,
      0,
      0,
      0
    ],
    "vertices": {
      "rawPosition": [
        -70.5,
        -519.5,
        0,
        70.5,
        -519.5,
        0,
        -70.5,
        519.5,
        0,
        70.5,
        519.5,
        0
      ],
      "indexes": [
        0,
        1,
        2,
        2,
        1,
        3
      ],
      "uv": [
        39,
        1101,
        180,
        1101,
        39,
        62,
        180,
        62
      ],
      "nuv": [
        0.203125,
        0.05381944444444445,
        0.9375,
        0.05381944444444445,
        0.203125,
        0.9557291666666666,
        0.9375,
        0.9557291666666666
      ],
      "minPos": {
        "x": -70.5,
        "y": -519.5,
        "z": 0
      },
      "maxPos": {
        "x": 70.5,
        "y": 519.5,
        "z": 0
      }
    },
    "texture": "93a88bd5-efb5-49e7-8d82-fd830bb3b5b7@6c48a",
    "packable": true,
    "pixelsToUnit": 100,
    "pivot": {
      "x": 0.5,
      "y": 0.5
    },
    "meshType": 0
  }
}