{
  "__type__": "cc.SpriteFrame",
  "content": {
    "name": "boss_beast_swamp_skill",
    "atlas": "",
    "rect": {
      "x": 14,
      "y": 12,
      "width": 227,
      "height": 232
    },
    "offset": {
      "x": -0.5,
      "y": 0
    },
    "originalSize": {
      "width": 256,
      "height": 256
    },
    "rotated": false,
    "capInsets": [
      0,
      0,
      0,
      0
    ],
    "vertices": {
      "rawPosition": [
        -113.5,
        -116,
        0,
        113.5,
        -116,
        0,
        -113.5,
        116,
        0,
        113.5,
        116,
        0
      ],
      "indexes": [
        0,
        1,
        2,
        2,
        1,
        3
      ],
      "uv": [
        14,
        244,
        241,
        244,
        14,
        12,
        241,
        12
      ],
      "nuv": [
        0.0546875,
        0.046875,
        0.94140625,
        0.046875,
        0.0546875,
        0.953125,
        0.94140625,
        0.953125
      ],
      "minPos": {
        "x": -113.5,
        "y": -116,
        "z": 0
      },
      "maxPos": {
        "x": 113.5,
        "y": 116,
        "z": 0
      }
    },
    "texture": "7ca72c16-e140-4fa1-8d12-9b30b2e398b9@6c48a",
    "packable": true,
    "pixelsToUnit": 100,
    "pivot": {
      "x": 0.5,
      "y": 0.5
    },
    "meshType": 0
  }
}