{
  "__type__": "cc.SpriteFrame",
  "content": {
    "name": "boss_abyssoverlord_attack",
    "atlas": "",
    "rect": {
      "x": 13,
      "y": 12,
      "width": 230,
      "height": 232
    },
    "offset": {
      "x": 0,
      "y": 0
    },
    "originalSize": {
      "width": 256,
      "height": 256
    },
    "rotated": false,
    "capInsets": [
      0,
      0,
      0,
      0
    ],
    "vertices": {
      "rawPosition": [
        -115,
        -116,
        0,
        115,
        -116,
        0,
        -115,
        116,
        0,
        115,
        116,
        0
      ],
      "indexes": [
        0,
        1,
        2,
        2,
        1,
        3
      ],
      "uv": [
        13,
        244,
        243,
        244,
        13,
        12,
        243,
        12
      ],
      "nuv": [
        0.05078125,
        0.046875,
        0.94921875,
        0.046875,
        0.05078125,
        0.953125,
        0.94921875,
        0.953125
      ],
      "minPos": {
        "x": -115,
        "y": -116,
        "z": 0
      },
      "maxPos": {
        "x": 115,
        "y": 116,
        "z": 0
      }
    },
    "texture": "e891baca-4b33-4d0b-98b2-6e44d5d9ad83@6c48a",
    "packable": true,
    "pixelsToUnit": 100,
    "pivot": {
      "x": 0.5,
      "y": 0.5
    },
    "meshType": 0
  }
}