{
  "__type__": "cc.SpriteFrame",
  "content": {
    "name": "fx_reaction_conduct",
    "atlas": "",
    "rect": {
      "x": 39,
      "y": 56,
      "width": 153,
      "height": 671
    },
    "offset": {
      "x": 19.5,
      "y": -7.5
    },
    "originalSize": {
      "width": 192,
      "height": 768
    },
    "rotated": false,
    "capInsets": [
      0,
      0,
      0,
      0
    ],
    "vertices": {
      "rawPosition": [
        -76.5,
        -335.5,
        0,
        76.5,
        -335.5,
        0,
        -76.5,
        335.5,
        0,
        76.5,
        335.5,
        0
      ],
      "indexes": [
        0,
        1,
        2,
        2,
        1,
        3
      ],
      "uv": [
        39,
        712,
        192,
        712,
        39,
        41,
        192,
        41
      ],
      "nuv": [
        0.203125,
        0.053385416666666664,
        1,
        0.053385416666666664,
        0.203125,
        0.9270833333333334,
        1,
        0.9270833333333334
      ],
      "minPos": {
        "x": -76.5,
        "y": -335.5,
        "z": 0
      },
      "maxPos": {
        "x": 76.5,
        "y": 335.5,
        "z": 0
      }
    },
    "texture": "073023c5-93c0-42c7-98d7-4e6c067d31e8@6c48a",
    "packable": true,
    "pixelsToUnit": 100,
    "pivot": {
      "x": 0.5,
      "y": 0.5
    },
    "meshType": 0
  }
}