{
  "__type__": "cc.SpriteFrame",
  "content": {
    "name": "boss_abyssoverlord_death",
    "atlas": "",
    "rect": {
      "x": 9,
      "y": 3,
      "width": 45,
      "height": 250
    },
    "offset": {
      "x": -0.5,
      "y": 0
    },
    "originalSize": {
      "width": 64,
      "height": 256
    },
    "rotated": false,
    "capInsets": [
      0,
      0,
      0,
      0
    ],
    "vertices": {
      "rawPosition": [
        -22.5,
        -125,
        0,
        22.5,
        -125,
        0,
        -22.5,
        125,
        0,
        22.5,
        125,
        0
      ],
      "indexes": [
        0,
        1,
        2,
        2,
        1,
        3
      ],
      "uv": [
        9,
        253,
        54,
        253,
        9,
        3,
        54,
        3
      ],
      "nuv": [
        0.140625,
        0.01171875,
        0.84375,
        0.01171875,
        0.140625,
        0.98828125,
        0.84375,
        0.98828125
      ],
      "minPos": {
        "x": -22.5,
        "y": -125,
        "z": 0
      },
      "maxPos": {
        "x": 22.5,
        "y": 125,
        "z": 0
      }
    },
    "texture": "073762f9-941e-43ce-8d6e-16d7feb41adc@6c48a",
    "packable": true,
    "pixelsToUnit": 100,
    "pivot": {
      "x": 0.5,
      "y": 0.5
    },
    "meshType": 0
  }
}