{
  "__type__": "cc.SpriteFrame",
  "content": {
    "name": "boss_lord_catacombs_death",
    "atlas": "",
    "rect": {
      "x": 4,
      "y": 8,
      "width": 88,
      "height": 79
    },
    "offset": {
      "x": 0,
      "y": 0.5
    },
    "originalSize": {
      "width": 96,
      "height": 96
    },
    "rotated": false,
    "capInsets": [
      0,
      0,
      0,
      0
    ],
    "vertices": {
      "rawPosition": [
        -44,
        -39.5,
        0,
        44,
        -39.5,
        0,
        -44,
        39.5,
        0,
        44,
        39.5,
        0
      ],
      "indexes": [
        0,
        1,
        2,
        2,
        1,
        3
      ],
      "uv": [
        4,
        88,
        92,
        88,
        4,
        9,
        92,
        9
      ],
      "nuv": [
        0.041666666666666664,
        0.09375,
        0.9583333333333334,
        0.09375,
        0.041666666666666664,
        0.9166666666666666,
        0.9583333333333334,
        0.9166666666666666
      ],
      "minPos": {
        "x": -44,
        "y": -39.5,
        "z": 0
      },
      "maxPos": {
        "x": 44,
        "y": 39.5,
        "z": 0
      }
    },
    "texture": "e6a6c661-da61-42e9-841a-a1f8fa2fe85f@6c48a",
    "packable": true,
    "pixelsToUnit": 100,
    "pivot": {
      "x": 0.5,
      "y": 0.5
    },
    "meshType": 0
  }
}