{
  "__type__": "cc.SpriteFrame",
  "content": {
    "name": "boss_lord_volcano_phasechange",
    "atlas": "",
    "rect": {
      "x": 7,
      "y": 4,
      "width": 81,
      "height": 88
    },
    "offset": {
      "x": -0.5,
      "y": 0
    },
    "originalSize": {
      "width": 96,
      "height": 96
    },
    "rotated": false,
    "capInsets": [
      0,
      0,
      0,
      0
    ],
    "vertices": {
      "rawPosition": [
        -40.5,
        -44,
        0,
        40.5,
        -44,
        0,
        -40.5,
        44,
        0,
        40.5,
        44,
        0
      ],
      "indexes": [
        0,
        1,
        2,
        2,
        1,
        3
      ],
      "uv": [
        7,
        92,
        88,
        92,
        7,
        4,
        88,
        4
      ],
      "nuv": [
        0.07291666666666667,
        0.041666666666666664,
        0.9166666666666666,
        0.041666666666666664,
        0.07291666666666667,
        0.9583333333333334,
        0.9166666666666666,
        0.9583333333333334
      ],
      "minPos": {
        "x": -40.5,
        "y": -44,
        "z": 0
      },
      "maxPos": {
        "x": 40.5,
        "y": 44,
        "z": 0
      }
    },
    "texture": "e574fc94-1e1a-4ef6-8e1a-cfe6d659aeb7@6c48a",
    "packable": true,
    "pixelsToUnit": 100,
    "pivot": {
      "x": 0.5,
      "y": 0.5
    },
    "meshType": 0
  }
}