{
  "__type__": "cc.SpriteFrame",
  "content": {
    "name": "boss_abyssoverlord_phasechange",
    "atlas": "",
    "rect": {
      "x": 7,
      "y": 3,
      "width": 49,
      "height": 250
    },
    "offset": {
      "x": -0.5,
      "y": 0
    },
    "originalSize": {
      "width": 64,
      "height": 256
    },
    "rotated": false,
    "capInsets": [
      0,
      0,
      0,
      0
    ],
    "vertices": {
      "rawPosition": [
        -24.5,
        -125,
        0,
        24.5,
        -125,
        0,
        -24.5,
        125,
        0,
        24.5,
        125,
        0
      ],
      "indexes": [
        0,
        1,
        2,
        2,
        1,
        3
      ],
      "uv": [
        7,
        253,
        56,
        253,
        7,
        3,
        56,
        3
      ],
      "nuv": [
        0.109375,
        0.01171875,
        0.875,
        0.01171875,
        0.109375,
        0.98828125,
        0.875,
        0.98828125
      ],
      "minPos": {
        "x": -24.5,
        "y": -125,
        "z": 0
      },
      "maxPos": {
        "x": 24.5,
        "y": 125,
        "z": 0
      }
    },
    "texture": "e58471b1-93a5-4490-b021-3a7cbff51914@6c48a",
    "packable": true,
    "pixelsToUnit": 100,
    "pivot": {
      "x": 0.5,
      "y": 0.5
    },
    "meshType": 0
  }
}