{
  "__type__": "cc.SpriteFrame",
  "content": {
    "name": "boss_swampbehemoth_skill",
    "atlas": "",
    "rect": {
      "x": 15,
      "y": 12,
      "width": 225,
      "height": 232
    },
    "offset": {
      "x": -0.5,
      "y": 0
    },
    "originalSize": {
      "width": 256,
      "height": 256
    },
    "rotated": false,
    "capInsets": [
      0,
      0,
      0,
      0
    ],
    "vertices": {
      "rawPosition": [
        -112.5,
        -116,
        0,
        112.5,
        -116,
        0,
        -112.5,
        116,
        0,
        112.5,
        116,
        0
      ],
      "indexes": [
        0,
        1,
        2,
        2,
        1,
        3
      ],
      "uv": [
        15,
        244,
        240,
        244,
        15,
        12,
        240,
        12
      ],
      "nuv": [
        0.05859375,
        0.046875,
        0.9375,
        0.046875,
        0.05859375,
        0.953125,
        0.9375,
        0.953125
      ],
      "minPos": {
        "x": -112.5,
        "y": -116,
        "z": 0
      },
      "maxPos": {
        "x": 112.5,
        "y": 116,
        "z": 0
      }
    },
    "texture": "8f7d6b10-e1de-4958-9ea9-2a14fb2267e8@6c48a",
    "packable": true,
    "pixelsToUnit": 100,
    "pivot": {
      "x": 0.5,
      "y": 0.5
    },
    "meshType": 0
  }
}