{
  "__type__": "cc.SpriteFrame",
  "content": {
    "name": "boss_swampbehemoth_skill",
    "atlas": "",
    "rect": {
      "x": 17,
      "y": 12,
      "width": 222,
      "height": 232
    },
    "offset": {
      "x": 0,
      "y": 0
    },
    "originalSize": {
      "width": 256,
      "height": 256
    },
    "rotated": false,
    "capInsets": [
      0,
      0,
      0,
      0
    ],
    "vertices": {
      "rawPosition": [
        -111,
        -116,
        0,
        111,
        -116,
        0,
        -111,
        116,
        0,
        111,
        116,
        0
      ],
      "indexes": [
        0,
        1,
        2,
        2,
        1,
        3
      ],
      "uv": [
        17,
        244,
        239,
        244,
        17,
        12,
        239,
        12
      ],
      "nuv": [
        0.06640625,
        0.046875,
        0.93359375,
        0.046875,
        0.06640625,
        0.953125,
        0.93359375,
        0.953125
      ],
      "minPos": {
        "x": -111,
        "y": -116,
        "z": 0
      },
      "maxPos": {
        "x": 111,
        "y": 116,
        "z": 0
      }
    },
    "texture": "aa93e48d-342c-42aa-829d-715d42fd993b@6c48a",
    "packable": true,
    "pixelsToUnit": 100,
    "pivot": {
      "x": 0.5,
      "y": 0.5
    },
    "meshType": 0
  }
}