{
  "__type__": "cc.SpriteFrame",
  "content": {
    "name": "btn_default",
    "atlas": "",
    "rect": {
      "x": 61,
      "y": 2,
      "width": 78,
      "height": 56
    },
    "offset": {
      "x": 0,
      "y": 0
    },
    "originalSize": {
      "width": 200,
      "height": 60
    },
    "rotated": false,
    "capInsets": [
      0,
      0,
      0,
      0
    ],
    "vertices": {
      "rawPosition": [
        -39,
        -28,
        0,
        39,
        -28,
        0,
        -39,
        28,
        0,
        39,
        28,
        0
      ],
      "indexes": [
        0,
        1,
        2,
        2,
        1,
        3
      ],
      "uv": [
        61,
        58,
        139,
        58,
        61,
        2,
        139,
        2
      ],
      "nuv": [
        0.305,
        0.03333333333333333,
        0.695,
        0.03333333333333333,
        0.305,
        0.9666666666666667,
        0.695,
        0.9666666666666667
      ],
      "minPos": {
        "x": -39,
        "y": -28,
        "z": 0
      },
      "maxPos": {
        "x": 39,
        "y": 28,
        "z": 0
      }
    },
    "texture": "aad0ffde-c4bc-45f3-8337-b97a25641557@6c48a",
    "packable": true,
    "pixelsToUnit": 100,
    "pivot": {
      "x": 0.5,
      "y": 0.5
    },
    "meshType": 0
  }
}