{
  "__type__": "cc.SpriteFrame",
  "content": {
    "name": "boss_queen_tundra_idle",
    "atlas": "",
    "rect": {
      "x": 71,
      "y": 12,
      "width": 114,
      "height": 232
    },
    "offset": {
      "x": 0,
      "y": 0
    },
    "originalSize": {
      "width": 256,
      "height": 256
    },
    "rotated": false,
    "capInsets": [
      0,
      0,
      0,
      0
    ],
    "vertices": {
      "rawPosition": [
        -57,
        -116,
        0,
        57,
        -116,
        0,
        -57,
        116,
        0,
        57,
        116,
        0
      ],
      "indexes": [
        0,
        1,
        2,
        2,
        1,
        3
      ],
      "uv": [
        71,
        244,
        185,
        244,
        71,
        12,
        185,
        12
      ],
      "nuv": [
        0.27734375,
        0.046875,
        0.72265625,
        0.046875,
        0.27734375,
        0.953125,
        0.72265625,
        0.953125
      ],
      "minPos": {
        "x": -57,
        "y": -116,
        "z": 0
      },
      "maxPos": {
        "x": 57,
        "y": 116,
        "z": 0
      }
    },
    "texture": "f321db75-20a3-4dfb-8d35-5d43bba8e122@6c48a",
    "packable": true,
    "pixelsToUnit": 100,
    "pivot": {
      "x": 0.5,
      "y": 0.5
    },
    "meshType": 0
  }
}