{
  "__type__": "cc.SpriteFrame",
  "content": {
    "name": "icon_item_speedpotion",
    "atlas": "",
    "rect": {
      "x": 62,
      "y": 21,
      "width": 65,
      "height": 148
    },
    "offset": {
      "x": -1.5,
      "y": 1
    },
    "originalSize": {
      "width": 192,
      "height": 192
    },
    "rotated": false,
    "capInsets": [
      0,
      0,
      0,
      0
    ],
    "vertices": {
      "rawPosition": [
        -32.5,
        -74,
        0,
        32.5,
        -74,
        0,
        -32.5,
        74,
        0,
        32.5,
        74,
        0
      ],
      "indexes": [
        0,
        1,
        2,
        2,
        1,
        3
      ],
      "uv": [
        62,
        171,
        127,
        171,
        62,
        23,
        127,
        23
      ],
      "nuv": [
        0.3229166666666667,
        0.11979166666666667,
        0.6614583333333334,
        0.11979166666666667,
        0.3229166666666667,
        0.890625,
        0.6614583333333334,
        0.890625
      ],
      "minPos": {
        "x": -32.5,
        "y": -74,
        "z": 0
      },
      "maxPos": {
        "x": 32.5,
        "y": 74,
        "z": 0
      }
    },
    "texture": "e0b96da8-32cb-4ac2-83da-cbfa41583b08@6c48a",
    "packable": true,
    "pixelsToUnit": 100,
    "pivot": {
      "x": 0.5,
      "y": 0.5
    },
    "meshType": 0
  }
}