{
  "__type__": "cc.SpriteFrame",
  "content": {
    "name": "miniboss_warden_catacombs_idle",
    "atlas": "",
    "rect": {
      "x": 20,
      "y": 9,
      "width": 151,
      "height": 174
    },
    "offset": {
      "x": -0.5,
      "y": 0
    },
    "originalSize": {
      "width": 192,
      "height": 192
    },
    "rotated": false,
    "capInsets": [
      0,
      0,
      0,
      0
    ],
    "vertices": {
      "rawPosition": [
        -75.5,
        -87,
        0,
        75.5,
        -87,
        0,
        -75.5,
        87,
        0,
        75.5,
        87,
        0
      ],
      "indexes": [
        0,
        1,
        2,
        2,
        1,
        3
      ],
      "uv": [
        20,
        183,
        171,
        183,
        20,
        9,
        171,
        9
      ],
      "nuv": [
        0.10416666666666667,
        0.046875,
        0.890625,
        0.046875,
        0.10416666666666667,
        0.953125,
        0.890625,
        0.953125
      ],
      "minPos": {
        "x": -75.5,
        "y": -87,
        "z": 0
      },
      "maxPos": {
        "x": 75.5,
        "y": 87,
        "z": 0
      }
    },
    "texture": "61719cdd-9c0f-4a25-9ac7-397b0995052d@6c48a",
    "packable": true,
    "pixelsToUnit": 100,
    "pivot": {
      "x": 0.5,
      "y": 0.5
    },
    "meshType": 0
  }
}