{
  "__type__": "cc.SpriteFrame",
  "content": {
    "name": "boss_skeletonlord_death",
    "atlas": "",
    "rect": {
      "x": 3,
      "y": 3,
      "width": 58,
      "height": 250
    },
    "offset": {
      "x": 0,
      "y": 0
    },
    "originalSize": {
      "width": 64,
      "height": 256
    },
    "rotated": false,
    "capInsets": [
      0,
      0,
      0,
      0
    ],
    "vertices": {
      "rawPosition": [
        -29,
        -125,
        0,
        29,
        -125,
        0,
        -29,
        125,
        0,
        29,
        125,
        0
      ],
      "indexes": [
        0,
        1,
        2,
        2,
        1,
        3
      ],
      "uv": [
        3,
        253,
        61,
        253,
        3,
        3,
        61,
        3
      ],
      "nuv": [
        0.046875,
        0.01171875,
        0.953125,
        0.01171875,
        0.046875,
        0.98828125,
        0.953125,
        0.98828125
      ],
      "minPos": {
        "x": -29,
        "y": -125,
        "z": 0
      },
      "maxPos": {
        "x": 29,
        "y": 125,
        "z": 0
      }
    },
    "texture": "617f7962-1551-414d-b2cb-b50db5c1e778@6c48a",
    "packable": true,
    "pixelsToUnit": 100,
    "pivot": {
      "x": 0.5,
      "y": 0.5
    },
    "meshType": 0
  }
}