{
  "__type__": "cc.SpriteFrame",
  "content": {
    "name": "icon_item_mapscroll",
    "atlas": "",
    "rect": {
      "x": 26,
      "y": 21,
      "width": 139,
      "height": 150
    },
    "offset": {
      "x": -0.5,
      "y": 0
    },
    "originalSize": {
      "width": 192,
      "height": 192
    },
    "rotated": false,
    "capInsets": [
      0,
      0,
      0,
      0
    ],
    "vertices": {
      "rawPosition": [
        -69.5,
        -75,
        0,
        69.5,
        -75,
        0,
        -69.5,
        75,
        0,
        69.5,
        75,
        0
      ],
      "indexes": [
        0,
        1,
        2,
        2,
        1,
        3
      ],
      "uv": [
        26,
        171,
        165,
        171,
        26,
        21,
        165,
        21
      ],
      "nuv": [
        0.13541666666666666,
        0.109375,
        0.859375,
        0.109375,
        0.13541666666666666,
        0.890625,
        0.859375,
        0.890625
      ],
      "minPos": {
        "x": -69.5,
        "y": -75,
        "z": 0
      },
      "maxPos": {
        "x": 69.5,
        "y": 75,
        "z": 0
      }
    },
    "texture": "619757ec-6b4f-4f2f-8c06-475ae64fcaff@6c48a",
    "packable": true,
    "pixelsToUnit": 100,
    "pivot": {
      "x": 0.5,
      "y": 0.5
    },
    "meshType": 0
  }
}