{
  "__type__": "cc.SpriteFrame",
  "content": {
    "name": "miniboss_icescorpion_idle",
    "atlas": "",
    "rect": {
      "x": 10,
      "y": 9,
      "width": 172,
      "height": 174
    },
    "offset": {
      "x": 0,
      "y": 0
    },
    "originalSize": {
      "width": 192,
      "height": 192
    },
    "rotated": false,
    "capInsets": [
      0,
      0,
      0,
      0
    ],
    "vertices": {
      "rawPosition": [
        -86,
        -87,
        0,
        86,
        -87,
        0,
        -86,
        87,
        0,
        86,
        87,
        0
      ],
      "indexes": [
        0,
        1,
        2,
        2,
        1,
        3
      ],
      "uv": [
        10,
        183,
        182,
        183,
        10,
        9,
        182,
        9
      ],
      "nuv": [
        0.052083333333333336,
        0.046875,
        0.9479166666666666,
        0.046875,
        0.052083333333333336,
        0.953125,
        0.9479166666666666,
        0.953125
      ],
      "minPos": {
        "x": -86,
        "y": -87,
        "z": 0
      },
      "maxPos": {
        "x": 86,
        "y": 87,
        "z": 0
      }
    },
    "texture": "e9598059-899d-4c06-8e4d-9486c71697cc@6c48a",
    "packable": true,
    "pixelsToUnit": 100,
    "pivot": {
      "x": 0.5,
      "y": 0.5
    },
    "meshType": 0
  }
}