{
  "__type__": "cc.SpriteFrame",
  "content": {
    "name": "monster_catacombs_skeleton_idle",
    "atlas": "",
    "rect": {
      "x": 22,
      "y": 0,
      "width": 148,
      "height": 192
    },
    "offset": {
      "x": 0,
      "y": 0
    },
    "originalSize": {
      "width": 192,
      "height": 192
    },
    "rotated": false,
    "capInsets": [
      0,
      0,
      0,
      0
    ],
    "vertices": {
      "rawPosition": [
        -74,
        -96,
        0,
        74,
        -96,
        0,
        -74,
        96,
        0,
        74,
        96,
        0
      ],
      "indexes": [
        0,
        1,
        2,
        2,
        1,
        3
      ],
      "uv": [
        22,
        192,
        170,
        192,
        22,
        0,
        170,
        0
      ],
      "nuv": [
        0.11458333333333333,
        0,
        0.8854166666666666,
        0,
        0.11458333333333333,
        1,
        0.8854166666666666,
        1
      ],
      "minPos": {
        "x": -74,
        "y": -96,
        "z": 0
      },
      "maxPos": {
        "x": 74,
        "y": 96,
        "z": 0
      }
    },
    "texture": "e990fdf0-0128-42ad-9937-b5896608545c@6c48a",
    "packable": true,
    "pixelsToUnit": 100,
    "pivot": {
      "x": 0.5,
      "y": 0.5
    },
    "meshType": 0
  }
}