{
  "__type__": "cc.SpriteFrame",
  "content": {
    "name": "icon_relic_shadowdagger",
    "atlas": "",
    "rect": {
      "x": 10,
      "y": 10,
      "width": 235,
      "height": 236
    },
    "offset": {
      "x": -0.5,
      "y": 0
    },
    "originalSize": {
      "width": 256,
      "height": 256
    },
    "rotated": false,
    "capInsets": [
      0,
      0,
      0,
      0
    ],
    "vertices": {
      "rawPosition": [
        -117.5,
        -118,
        0,
        117.5,
        -118,
        0,
        -117.5,
        118,
        0,
        117.5,
        118,
        0
      ],
      "indexes": [
        0,
        1,
        2,
        2,
        1,
        3
      ],
      "uv": [
        10,
        246,
        245,
        246,
        10,
        10,
        245,
        10
      ],
      "nuv": [
        0.0390625,
        0.0390625,
        0.95703125,
        0.0390625,
        0.0390625,
        0.9609375,
        0.95703125,
        0.9609375
      ],
      "minPos": {
        "x": -117.5,
        "y": -118,
        "z": 0
      },
      "maxPos": {
        "x": 117.5,
        "y": 118,
        "z": 0
      }
    },
    "texture": "34ec483c-3e42-4781-8b26-eb247a5cd6b4@6c48a",
    "packable": true,
    "pixelsToUnit": 100,
    "pivot": {
      "x": 0.5,
      "y": 0.5
    },
    "meshType": 0
  }
}