{
  "__type__": "cc.SpriteFrame",
  "content": {
    "name": "boss_skeletonlord_attack",
    "atlas": "",
    "rect": {
      "x": 14,
      "y": 12,
      "width": 228,
      "height": 232
    },
    "offset": {
      "x": 0,
      "y": 0
    },
    "originalSize": {
      "width": 256,
      "height": 256
    },
    "rotated": false,
    "capInsets": [
      0,
      0,
      0,
      0
    ],
    "vertices": {
      "rawPosition": [
        -114,
        -116,
        0,
        114,
        -116,
        0,
        -114,
        116,
        0,
        114,
        116,
        0
      ],
      "indexes": [
        0,
        1,
        2,
        2,
        1,
        3
      ],
      "uv": [
        14,
        244,
        242,
        244,
        14,
        12,
        242,
        12
      ],
      "nuv": [
        0.0546875,
        0.046875,
        0.9453125,
        0.046875,
        0.0546875,
        0.953125,
        0.9453125,
        0.953125
      ],
      "minPos": {
        "x": -114,
        "y": -116,
        "z": 0
      },
      "maxPos": {
        "x": 114,
        "y": 116,
        "z": 0
      }
    },
    "texture": "927576c2-b7b0-48a4-b364-27cbee9dd9f1@6c48a",
    "packable": true,
    "pixelsToUnit": 100,
    "pivot": {
      "x": 0.5,
      "y": 0.5
    },
    "meshType": 0
  }
}