{
  "__type__": "cc.SpriteFrame",
  "content": {
    "name": "boss_abyssoverlord_skill",
    "atlas": "",
    "rect": {
      "x": 18,
      "y": 12,
      "width": 220,
      "height": 232
    },
    "offset": {
      "x": 0,
      "y": 0
    },
    "originalSize": {
      "width": 256,
      "height": 256
    },
    "rotated": false,
    "capInsets": [
      0,
      0,
      0,
      0
    ],
    "vertices": {
      "rawPosition": [
        -110,
        -116,
        0,
        110,
        -116,
        0,
        -110,
        116,
        0,
        110,
        116,
        0
      ],
      "indexes": [
        0,
        1,
        2,
        2,
        1,
        3
      ],
      "uv": [
        18,
        244,
        238,
        244,
        18,
        12,
        238,
        12
      ],
      "nuv": [
        0.0703125,
        0.046875,
        0.9296875,
        0.046875,
        0.0703125,
        0.953125,
        0.9296875,
        0.953125
      ],
      "minPos": {
        "x": -110,
        "y": -116,
        "z": 0
      },
      "maxPos": {
        "x": 110,
        "y": 116,
        "z": 0
      }
    },
    "texture": "23f5af31-5bd5-4ffa-a15d-8ed4fd87b476@6c48a",
    "packable": true,
    "pixelsToUnit": 100,
    "pivot": {
      "x": 0.5,
      "y": 0.5
    },
    "meshType": 0
  }
}