{
  "__type__": "cc.SpriteFrame",
  "content": {
    "name": "boss_swampbehemoth_attack",
    "atlas": "",
    "rect": {
      "x": 12,
      "y": 16,
      "width": 232,
      "height": 223
    },
    "offset": {
      "x": 0,
      "y": 0.5
    },
    "originalSize": {
      "width": 256,
      "height": 256
    },
    "rotated": false,
    "capInsets": [
      0,
      0,
      0,
      0
    ],
    "vertices": {
      "rawPosition": [
        -116,
        -111.5,
        0,
        116,
        -111.5,
        0,
        -116,
        111.5,
        0,
        116,
        111.5,
        0
      ],
      "indexes": [
        0,
        1,
        2,
        2,
        1,
        3
      ],
      "uv": [
        12,
        240,
        244,
        240,
        12,
        17,
        244,
        17
      ],
      "nuv": [
        0.046875,
        0.06640625,
        0.953125,
        0.06640625,
        0.046875,
        0.9375,
        0.953125,
        0.9375
      ],
      "minPos": {
        "x": -116,
        "y": -111.5,
        "z": 0
      },
      "maxPos": {
        "x": 116,
        "y": 111.5,
        "z": 0
      }
    },
    "texture": "521218ef-78ef-4fc9-b53c-1003e840f2b2@6c48a",
    "packable": true,
    "pixelsToUnit": 100,
    "pivot": {
      "x": 0.5,
      "y": 0.5
    },
    "meshType": 0
  }
}