{
  "__type__": "cc.SpriteFrame",
  "content": {
    "name": "boss_skeletonlord_idle",
    "atlas": "",
    "rect": {
      "x": 12,
      "y": 13,
      "width": 232,
      "height": 229
    },
    "offset": {
      "x": 0,
      "y": 0.5
    },
    "originalSize": {
      "width": 256,
      "height": 256
    },
    "rotated": false,
    "capInsets": [
      0,
      0,
      0,
      0
    ],
    "vertices": {
      "rawPosition": [
        -116,
        -114.5,
        0,
        116,
        -114.5,
        0,
        -116,
        114.5,
        0,
        116,
        114.5,
        0
      ],
      "indexes": [
        0,
        1,
        2,
        2,
        1,
        3
      ],
      "uv": [
        12,
        243,
        244,
        243,
        12,
        14,
        244,
        14
      ],
      "nuv": [
        0.046875,
        0.0546875,
        0.953125,
        0.0546875,
        0.046875,
        0.94921875,
        0.953125,
        0.94921875
      ],
      "minPos": {
        "x": -116,
        "y": -114.5,
        "z": 0
      },
      "maxPos": {
        "x": 116,
        "y": 114.5,
        "z": 0
      }
    },
    "texture": "527f4981-9991-4902-ad97-a66b91265d0e@6c48a",
    "packable": true,
    "pixelsToUnit": 100,
    "pivot": {
      "x": 0.5,
      "y": 0.5
    },
    "meshType": 0
  }
}