{
  "__type__": "cc.SpriteFrame",
  "content": {
    "name": "boss_lord_volcano_attack",
    "atlas": "",
    "rect": {
      "x": 12,
      "y": 18,
      "width": 232,
      "height": 219
    },
    "offset": {
      "x": 0,
      "y": 0.5
    },
    "originalSize": {
      "width": 256,
      "height": 256
    },
    "rotated": false,
    "capInsets": [
      0,
      0,
      0,
      0
    ],
    "vertices": {
      "rawPosition": [
        -116,
        -109.5,
        0,
        116,
        -109.5,
        0,
        -116,
        109.5,
        0,
        116,
        109.5,
        0
      ],
      "indexes": [
        0,
        1,
        2,
        2,
        1,
        3
      ],
      "uv": [
        12,
        238,
        244,
        238,
        12,
        19,
        244,
        19
      ],
      "nuv": [
        0.046875,
        0.07421875,
        0.953125,
        0.07421875,
        0.046875,
        0.9296875,
        0.953125,
        0.9296875
      ],
      "minPos": {
        "x": -116,
        "y": -109.5,
        "z": 0
      },
      "maxPos": {
        "x": 116,
        "y": 109.5,
        "z": 0
      }
    },
    "texture": "d8b365ba-b752-452d-b04d-5734ce8ae496@6c48a",
    "packable": true,
    "pixelsToUnit": 100,
    "pivot": {
      "x": 0.5,
      "y": 0.5
    },
    "meshType": 0
  }
}