{
  "__type__": "cc.SpriteFrame",
  "content": {
    "name": "icon_relic_ironarmor",
    "atlas": "",
    "rect": {
      "x": 21,
      "y": 30,
      "width": 150,
      "height": 132
    },
    "offset": {
      "x": 0,
      "y": 0
    },
    "originalSize": {
      "width": 192,
      "height": 192
    },
    "rotated": false,
    "capInsets": [
      0,
      0,
      0,
      0
    ],
    "vertices": {
      "rawPosition": [
        -75,
        -66,
        0,
        75,
        -66,
        0,
        -75,
        66,
        0,
        75,
        66,
        0
      ],
      "indexes": [
        0,
        1,
        2,
        2,
        1,
        3
      ],
      "uv": [
        21,
        162,
        171,
        162,
        21,
        30,
        171,
        30
      ],
      "nuv": [
        0.109375,
        0.15625,
        0.890625,
        0.15625,
        0.109375,
        0.84375,
        0.890625,
        0.84375
      ],
      "minPos": {
        "x": -75,
        "y": -66,
        "z": 0
      },
      "maxPos": {
        "x": 75,
        "y": 66,
        "z": 0
      }
    },
    "texture": "d8eedbf4-d551-4a95-8b98-cbc8715f1ce2@6c48a",
    "packable": true,
    "pixelsToUnit": 100,
    "pivot": {
      "x": 0.5,
      "y": 0.5
    },
    "meshType": 0
  }
}