{
  "__type__": "cc.SpriteFrame",
  "content": {
    "name": "icon_set_fury",
    "atlas": "",
    "rect": {
      "x": 39,
      "y": 21,
      "width": 113,
      "height": 150
    },
    "offset": {
      "x": -0.5,
      "y": 0
    },
    "originalSize": {
      "width": 192,
      "height": 192
    },
    "rotated": false,
    "capInsets": [
      0,
      0,
      0,
      0
    ],
    "vertices": {
      "rawPosition": [
        -56.5,
        -75,
        0,
        56.5,
        -75,
        0,
        -56.5,
        75,
        0,
        56.5,
        75,
        0
      ],
      "indexes": [
        0,
        1,
        2,
        2,
        1,
        3
      ],
      "uv": [
        39,
        171,
        152,
        171,
        39,
        21,
        152,
        21
      ],
      "nuv": [
        0.203125,
        0.109375,
        0.7916666666666666,
        0.109375,
        0.203125,
        0.890625,
        0.7916666666666666,
        0.890625
      ],
      "minPos": {
        "x": -56.5,
        "y": -75,
        "z": 0
      },
      "maxPos": {
        "x": 56.5,
        "y": 75,
        "z": 0
      }
    },
    "texture": "48b5585a-ac36-4857-b91d-aa19c1635e1b@6c48a",
    "packable": true,
    "pixelsToUnit": 100,
    "pivot": {
      "x": 0.5,
      "y": 0.5
    },
    "meshType": 0
  }
}