{
  "__type__": "cc.SpriteFrame",
  "content": {
    "name": "miniboss_poisonflower_idle",
    "atlas": "",
    "rect": {
      "x": 40,
      "y": 9,
      "width": 111,
      "height": 174
    },
    "offset": {
      "x": -0.5,
      "y": 0
    },
    "originalSize": {
      "width": 192,
      "height": 192
    },
    "rotated": false,
    "capInsets": [
      0,
      0,
      0,
      0
    ],
    "vertices": {
      "rawPosition": [
        -55.5,
        -87,
        0,
        55.5,
        -87,
        0,
        -55.5,
        87,
        0,
        55.5,
        87,
        0
      ],
      "indexes": [
        0,
        1,
        2,
        2,
        1,
        3
      ],
      "uv": [
        40,
        183,
        151,
        183,
        40,
        9,
        151,
        9
      ],
      "nuv": [
        0.20833333333333334,
        0.046875,
        0.7864583333333334,
        0.046875,
        0.20833333333333334,
        0.953125,
        0.7864583333333334,
        0.953125
      ],
      "minPos": {
        "x": -55.5,
        "y": -87,
        "z": 0
      },
      "maxPos": {
        "x": 55.5,
        "y": 87,
        "z": 0
      }
    },
    "texture": "d7df9216-411b-468d-b2c3-9d95055ad63d@6c48a",
    "packable": true,
    "pixelsToUnit": 100,
    "pivot": {
      "x": 0.5,
      "y": 0.5
    },
    "meshType": 0
  }
}