{
  "__type__": "cc.SpriteFrame",
  "content": {
    "name": "icon_skill_slowfield",
    "atlas": "",
    "rect": {
      "x": 41,
      "y": 21,
      "width": 110,
      "height": 150
    },
    "offset": {
      "x": 0,
      "y": 0
    },
    "originalSize": {
      "width": 192,
      "height": 192
    },
    "rotated": false,
    "capInsets": [
      0,
      0,
      0,
      0
    ],
    "vertices": {
      "rawPosition": [
        -55,
        -75,
        0,
        55,
        -75,
        0,
        -55,
        75,
        0,
        55,
        75,
        0
      ],
      "indexes": [
        0,
        1,
        2,
        2,
        1,
        3
      ],
      "uv": [
        41,
        171,
        151,
        171,
        41,
        21,
        151,
        21
      ],
      "nuv": [
        0.21354166666666666,
        0.109375,
        0.7864583333333334,
        0.109375,
        0.21354166666666666,
        0.890625,
        0.7864583333333334,
        0.890625
      ],
      "minPos": {
        "x": -55,
        "y": -75,
        "z": 0
      },
      "maxPos": {
        "x": 55,
        "y": 75,
        "z": 0
      }
    },
    "texture": "a66634c6-1a73-4582-a579-9f6722983d81@6c48a",
    "packable": true,
    "pixelsToUnit": 100,
    "pivot": {
      "x": 0.5,
      "y": 0.5
    },
    "meshType": 0
  }
}