{
  "__type__": "cc.SpriteFrame",
  "content": {
    "name": "fx_reaction_overload",
    "atlas": "",
    "rect": {
      "x": 5,
      "y": 50,
      "width": 187,
      "height": 717
    },
    "offset": {
      "x": 2.5,
      "y": -24.5
    },
    "originalSize": {
      "width": 192,
      "height": 768
    },
    "rotated": false,
    "capInsets": [
      0,
      0,
      0,
      0
    ],
    "vertices": {
      "rawPosition": [
        -93.5,
        -358.5,
        0,
        93.5,
        -358.5,
        0,
        -93.5,
        358.5,
        0,
        93.5,
        358.5,
        0
      ],
      "indexes": [
        0,
        1,
        2,
        2,
        1,
        3
      ],
      "uv": [
        5,
        718,
        192,
        718,
        5,
        1,
        192,
        1
      ],
      "nuv": [
        0.026041666666666668,
        0.0013020833333333333,
        1,
        0.0013020833333333333,
        0.026041666666666668,
        0.9348958333333334,
        1,
        0.9348958333333334
      ],
      "minPos": {
        "x": -93.5,
        "y": -358.5,
        "z": 0
      },
      "maxPos": {
        "x": 93.5,
        "y": 358.5,
        "z": 0
      }
    },
    "texture": "850b98e0-144c-482a-a1d5-81542e813266@6c48a",
    "packable": true,
    "pixelsToUnit": 100,
    "pivot": {
      "x": 0.5,
      "y": 0.5
    },
    "meshType": 0
  }
}