{
  "__type__": "cc.SpriteFrame",
  "content": {
    "name": "monster_swamp_rottreant_idle",
    "atlas": "",
    "rect": {
      "x": 0,
      "y": 2,
      "width": 192,
      "height": 188
    },
    "offset": {
      "x": 0,
      "y": 0
    },
    "originalSize": {
      "width": 192,
      "height": 192
    },
    "rotated": false,
    "capInsets": [
      0,
      0,
      0,
      0
    ],
    "vertices": {
      "rawPosition": [
        -96,
        -94,
        0,
        96,
        -94,
        0,
        -96,
        94,
        0,
        96,
        94,
        0
      ],
      "indexes": [
        0,
        1,
        2,
        2,
        1,
        3
      ],
      "uv": [
        0,
        190,
        192,
        190,
        0,
        2,
        192,
        2
      ],
      "nuv": [
        0,
        0.010416666666666666,
        1,
        0.010416666666666666,
        0,
        0.9895833333333334,
        1,
        0.9895833333333334
      ],
      "minPos": {
        "x": -96,
        "y": -94,
        "z": 0
      },
      "maxPos": {
        "x": 96,
        "y": 94,
        "z": 0
      }
    },
    "texture": "0bb0e19a-6621-45e9-bcea-1b91788b53c8@6c48a",
    "packable": true,
    "pixelsToUnit": 100,
    "pivot": {
      "x": 0.5,
      "y": 0.5
    },
    "meshType": 0
  }
}