{
  "__type__": "cc.SpriteFrame",
  "content": {
    "name": "fx_reaction_freeze",
    "atlas": "",
    "rect": {
      "x": 19,
      "y": 58,
      "width": 154,
      "height": 702
    },
    "offset": {
      "x": 0,
      "y": -25
    },
    "originalSize": {
      "width": 192,
      "height": 768
    },
    "rotated": false,
    "capInsets": [
      0,
      0,
      0,
      0
    ],
    "vertices": {
      "rawPosition": [
        -77,
        -351,
        0,
        77,
        -351,
        0,
        -77,
        351,
        0,
        77,
        351,
        0
      ],
      "indexes": [
        0,
        1,
        2,
        2,
        1,
        3
      ],
      "uv": [
        19,
        710,
        173,
        710,
        19,
        8,
        173,
        8
      ],
      "nuv": [
        0.09895833333333333,
        0.010416666666666666,
        0.9010416666666666,
        0.010416666666666666,
        0.09895833333333333,
        0.9244791666666666,
        0.9010416666666666,
        0.9244791666666666
      ],
      "minPos": {
        "x": -77,
        "y": -351,
        "z": 0
      },
      "maxPos": {
        "x": 77,
        "y": 351,
        "z": 0
      }
    },
    "texture": "a0f95615-9d3a-4473-affb-0f870b952ca2@6c48a",
    "packable": true,
    "pixelsToUnit": 100,
    "pivot": {
      "x": 0.5,
      "y": 0.5
    },
    "meshType": 0
  }
}