{
  "__type__": "cc.SpriteFrame",
  "content": {
    "name": "boss_frostqueen_idle",
    "atlas": "",
    "rect": {
      "x": 66,
      "y": 12,
      "width": 124,
      "height": 232
    },
    "offset": {
      "x": 0,
      "y": 0
    },
    "originalSize": {
      "width": 256,
      "height": 256
    },
    "rotated": false,
    "capInsets": [
      0,
      0,
      0,
      0
    ],
    "vertices": {
      "rawPosition": [
        -62,
        -116,
        0,
        62,
        -116,
        0,
        -62,
        116,
        0,
        62,
        116,
        0
      ],
      "indexes": [
        0,
        1,
        2,
        2,
        1,
        3
      ],
      "uv": [
        66,
        244,
        190,
        244,
        66,
        12,
        190,
        12
      ],
      "nuv": [
        0.2578125,
        0.046875,
        0.7421875,
        0.046875,
        0.2578125,
        0.953125,
        0.7421875,
        0.953125
      ],
      "minPos": {
        "x": -62,
        "y": -116,
        "z": 0
      },
      "maxPos": {
        "x": 62,
        "y": 116,
        "z": 0
      }
    },
    "texture": "82a6878c-bef3-4427-b676-22e76e939dd6@6c48a",
    "packable": true,
    "pixelsToUnit": 100,
    "pivot": {
      "x": 0.5,
      "y": 0.5
    },
    "meshType": 0
  }
}