{
  "__type__": "cc.SpriteFrame",
  "content": {
    "name": "btn_settle_active",
    "atlas": "",
    "rect": {
      "x": 20,
      "y": 5,
      "width": 199,
      "height": 66
    },
    "offset": {
      "x": -0.5,
      "y": 0
    },
    "originalSize": {
      "width": 240,
      "height": 76
    },
    "rotated": false,
    "capInsets": [
      0,
      0,
      0,
      0
    ],
    "vertices": {
      "rawPosition": [
        -99.5,
        -33,
        0,
        99.5,
        -33,
        0,
        -99.5,
        33,
        0,
        99.5,
        33,
        0
      ],
      "indexes": [
        0,
        1,
        2,
        2,
        1,
        3
      ],
      "uv": [
        20,
        71,
        219,
        71,
        20,
        5,
        219,
        5
      ],
      "nuv": [
        0.08333333333333333,
        0.06578947368421052,
        0.9125,
        0.06578947368421052,
        0.08333333333333333,
        0.9342105263157895,
        0.9125,
        0.9342105263157895
      ],
      "minPos": {
        "x": -99.5,
        "y": -33,
        "z": 0
      },
      "maxPos": {
        "x": 99.5,
        "y": 33,
        "z": 0
      }
    },
    "texture": "82ee3ca5-e861-4d7d-b4fc-80e462c7e4db@6c48a",
    "packable": true,
    "pixelsToUnit": 100,
    "pivot": {
      "x": 0.5,
      "y": 0.5
    },
    "meshType": 0
  }
}