{
  "__type__": "cc.SpriteFrame",
  "content": {
    "name": "miniboss_boarchief_idle",
    "atlas": "",
    "rect": {
      "x": 13,
      "y": 9,
      "width": 166,
      "height": 174
    },
    "offset": {
      "x": 0,
      "y": 0
    },
    "originalSize": {
      "width": 192,
      "height": 192
    },
    "rotated": false,
    "capInsets": [
      0,
      0,
      0,
      0
    ],
    "vertices": {
      "rawPosition": [
        -83,
        -87,
        0,
        83,
        -87,
        0,
        -83,
        87,
        0,
        83,
        87,
        0
      ],
      "indexes": [
        0,
        1,
        2,
        2,
        1,
        3
      ],
      "uv": [
        13,
        183,
        179,
        183,
        13,
        9,
        179,
        9
      ],
      "nuv": [
        0.06770833333333333,
        0.046875,
        0.9322916666666666,
        0.046875,
        0.06770833333333333,
        0.953125,
        0.9322916666666666,
        0.953125
      ],
      "minPos": {
        "x": -83,
        "y": -87,
        "z": 0
      },
      "maxPos": {
        "x": 83,
        "y": 87,
        "z": 0
      }
    },
    "texture": "ddf42a30-f225-4c45-aafb-bf14c122522d@6c48a",
    "packable": true,
    "pixelsToUnit": 100,
    "pivot": {
      "x": 0.5,
      "y": 0.5
    },
    "meshType": 0
  }
}