{
  "__type__": "cc.SpriteFrame",
  "content": {
    "name": "monster_tundra_frostgiant_idle",
    "atlas": "",
    "rect": {
      "x": 2,
      "y": 0,
      "width": 188,
      "height": 189
    },
    "offset": {
      "x": 0,
      "y": 1.5
    },
    "originalSize": {
      "width": 192,
      "height": 192
    },
    "rotated": false,
    "capInsets": [
      0,
      0,
      0,
      0
    ],
    "vertices": {
      "rawPosition": [
        -94,
        -94.5,
        0,
        94,
        -94.5,
        0,
        -94,
        94.5,
        0,
        94,
        94.5,
        0
      ],
      "indexes": [
        0,
        1,
        2,
        2,
        1,
        3
      ],
      "uv": [
        2,
        192,
        190,
        192,
        2,
        3,
        190,
        3
      ],
      "nuv": [
        0.010416666666666666,
        0.015625,
        0.9895833333333334,
        0.015625,
        0.010416666666666666,
        1,
        0.9895833333333334,
        1
      ],
      "minPos": {
        "x": -94,
        "y": -94.5,
        "z": 0
      },
      "maxPos": {
        "x": 94,
        "y": 94.5,
        "z": 0
      }
    },
    "texture": "371c3730-7130-4454-b0e2-134122248384@6c48a",
    "packable": true,
    "pixelsToUnit": 100,
    "pivot": {
      "x": 0.5,
      "y": 0.5
    },
    "meshType": 0
  }
}