{
  "__type__": "cc.SpriteFrame",
  "content": {
    "name": "icon_set_tempest",
    "atlas": "",
    "rect": {
      "x": 28,
      "y": 21,
      "width": 135,
      "height": 150
    },
    "offset": {
      "x": -0.5,
      "y": 0
    },
    "originalSize": {
      "width": 192,
      "height": 192
    },
    "rotated": false,
    "capInsets": [
      0,
      0,
      0,
      0
    ],
    "vertices": {
      "rawPosition": [
        -67.5,
        -75,
        0,
        67.5,
        -75,
        0,
        -67.5,
        75,
        0,
        67.5,
        75,
        0
      ],
      "indexes": [
        0,
        1,
        2,
        2,
        1,
        3
      ],
      "uv": [
        28,
        171,
        163,
        171,
        28,
        21,
        163,
        21
      ],
      "nuv": [
        0.14583333333333334,
        0.109375,
        0.8489583333333334,
        0.109375,
        0.14583333333333334,
        0.890625,
        0.8489583333333334,
        0.890625
      ],
      "minPos": {
        "x": -67.5,
        "y": -75,
        "z": 0
      },
      "maxPos": {
        "x": 67.5,
        "y": 75,
        "z": 0
      }
    },
    "texture": "37948b91-86b3-40cf-9641-88c5e04186eb@6c48a",
    "packable": true,
    "pixelsToUnit": 100,
    "pivot": {
      "x": 0.5,
      "y": 0.5
    },
    "meshType": 0
  }
}