{
  "__type__": "cc.SpriteFrame",
  "content": {
    "name": "boss_guardian_forest_phasechange",
    "atlas": "",
    "rect": {
      "x": 9,
      "y": 4,
      "width": 78,
      "height": 88
    },
    "offset": {
      "x": 0,
      "y": 0
    },
    "originalSize": {
      "width": 96,
      "height": 96
    },
    "rotated": false,
    "capInsets": [
      0,
      0,
      0,
      0
    ],
    "vertices": {
      "rawPosition": [
        -39,
        -44,
        0,
        39,
        -44,
        0,
        -39,
        44,
        0,
        39,
        44,
        0
      ],
      "indexes": [
        0,
        1,
        2,
        2,
        1,
        3
      ],
      "uv": [
        9,
        92,
        87,
        92,
        9,
        4,
        87,
        4
      ],
      "nuv": [
        0.09375,
        0.041666666666666664,
        0.90625,
        0.041666666666666664,
        0.09375,
        0.9583333333333334,
        0.90625,
        0.9583333333333334
      ],
      "minPos": {
        "x": -39,
        "y": -44,
        "z": 0
      },
      "maxPos": {
        "x": 39,
        "y": 44,
        "z": 0
      }
    },
    "texture": "37e0a94c-4871-463a-ae96-23075b54e32f@6c48a",
    "packable": true,
    "pixelsToUnit": 100,
    "pivot": {
      "x": 0.5,
      "y": 0.5
    },
    "meshType": 0
  }
}