{
  "__type__": "cc.SpriteFrame",
  "content": {
    "name": "icon_set_frostbite",
    "atlas": "",
    "rect": {
      "x": 27,
      "y": 21,
      "width": 137,
      "height": 150
    },
    "offset": {
      "x": -0.5,
      "y": 0
    },
    "originalSize": {
      "width": 192,
      "height": 192
    },
    "rotated": false,
    "capInsets": [
      0,
      0,
      0,
      0
    ],
    "vertices": {
      "rawPosition": [
        -68.5,
        -75,
        0,
        68.5,
        -75,
        0,
        -68.5,
        75,
        0,
        68.5,
        75,
        0
      ],
      "indexes": [
        0,
        1,
        2,
        2,
        1,
        3
      ],
      "uv": [
        27,
        171,
        164,
        171,
        27,
        21,
        164,
        21
      ],
      "nuv": [
        0.140625,
        0.109375,
        0.8541666666666666,
        0.109375,
        0.140625,
        0.890625,
        0.8541666666666666,
        0.890625
      ],
      "minPos": {
        "x": -68.5,
        "y": -75,
        "z": 0
      },
      "maxPos": {
        "x": 68.5,
        "y": 75,
        "z": 0
      }
    },
    "texture": "c48b2052-340f-4e20-945a-0367ac893a40@6c48a",
    "packable": true,
    "pixelsToUnit": 100,
    "pivot": {
      "x": 0.5,
      "y": 0.5
    },
    "meshType": 0
  }
}