{
  "__type__": "cc.SpriteFrame",
  "content": {
    "name": "boss_frostqueen_phasechange",
    "atlas": "",
    "rect": {
      "x": 3,
      "y": 3,
      "width": 57,
      "height": 250
    },
    "offset": {
      "x": -0.5,
      "y": 0
    },
    "originalSize": {
      "width": 64,
      "height": 256
    },
    "rotated": false,
    "capInsets": [
      0,
      0,
      0,
      0
    ],
    "vertices": {
      "rawPosition": [
        -28.5,
        -125,
        0,
        28.5,
        -125,
        0,
        -28.5,
        125,
        0,
        28.5,
        125,
        0
      ],
      "indexes": [
        0,
        1,
        2,
        2,
        1,
        3
      ],
      "uv": [
        3,
        253,
        60,
        253,
        3,
        3,
        60,
        3
      ],
      "nuv": [
        0.046875,
        0.01171875,
        0.9375,
        0.01171875,
        0.046875,
        0.98828125,
        0.9375,
        0.98828125
      ],
      "minPos": {
        "x": -28.5,
        "y": -125,
        "z": 0
      },
      "maxPos": {
        "x": 28.5,
        "y": 125,
        "z": 0
      }
    },
    "texture": "97397d18-462f-4f4b-b983-b0febb6eae25@6c48a",
    "packable": true,
    "pixelsToUnit": 100,
    "pivot": {
      "x": 0.5,
      "y": 0.5
    },
    "meshType": 0
  }
}