{
  "__type__": "cc.SpriteFrame",
  "content": {
    "name": "miniboss_giantskeleton_idle",
    "atlas": "",
    "rect": {
      "x": 9,
      "y": 11,
      "width": 174,
      "height": 170
    },
    "offset": {
      "x": 0,
      "y": 0
    },
    "originalSize": {
      "width": 192,
      "height": 192
    },
    "rotated": false,
    "capInsets": [
      0,
      0,
      0,
      0
    ],
    "vertices": {
      "rawPosition": [
        -87,
        -85,
        0,
        87,
        -85,
        0,
        -87,
        85,
        0,
        87,
        85,
        0
      ],
      "indexes": [
        0,
        1,
        2,
        2,
        1,
        3
      ],
      "uv": [
        9,
        181,
        183,
        181,
        9,
        11,
        183,
        11
      ],
      "nuv": [
        0.046875,
        0.057291666666666664,
        0.953125,
        0.057291666666666664,
        0.046875,
        0.9427083333333334,
        0.953125,
        0.9427083333333334
      ],
      "minPos": {
        "x": -87,
        "y": -85,
        "z": 0
      },
      "maxPos": {
        "x": 87,
        "y": 85,
        "z": 0
      }
    },
    "texture": "97c6d99f-b37e-41c8-b6cd-204893bdc736@6c48a",
    "packable": true,
    "pixelsToUnit": 100,
    "pivot": {
      "x": 0.5,
      "y": 0.5
    },
    "meshType": 0
  }
}