{
  "__type__": "cc.SpriteFrame",
  "content": {
    "name": "boss_skeletonlord_death",
    "atlas": "",
    "rect": {
      "x": 4,
      "y": 4,
      "width": 87,
      "height": 88
    },
    "offset": {
      "x": -0.5,
      "y": 0
    },
    "originalSize": {
      "width": 96,
      "height": 96
    },
    "rotated": false,
    "capInsets": [
      0,
      0,
      0,
      0
    ],
    "vertices": {
      "rawPosition": [
        -43.5,
        -44,
        0,
        43.5,
        -44,
        0,
        -43.5,
        44,
        0,
        43.5,
        44,
        0
      ],
      "indexes": [
        0,
        1,
        2,
        2,
        1,
        3
      ],
      "uv": [
        4,
        92,
        91,
        92,
        4,
        4,
        91,
        4
      ],
      "nuv": [
        0.041666666666666664,
        0.041666666666666664,
        0.9479166666666666,
        0.041666666666666664,
        0.041666666666666664,
        0.9583333333333334,
        0.9479166666666666,
        0.9583333333333334
      ],
      "minPos": {
        "x": -43.5,
        "y": -44,
        "z": 0
      },
      "maxPos": {
        "x": 43.5,
        "y": 44,
        "z": 0
      }
    },
    "texture": "97e66690-0997-4843-881c-c20abcbc83e7@6c48a",
    "packable": true,
    "pixelsToUnit": 100,
    "pivot": {
      "x": 0.5,
      "y": 0.5
    },
    "meshType": 0
  }
}