{
  "__type__": "cc.SpriteFrame",
  "content": {
    "name": "monster_abyss_shadowgolem_idle",
    "atlas": "",
    "rect": {
      "x": 0,
      "y": 7,
      "width": 192,
      "height": 178
    },
    "offset": {
      "x": 0,
      "y": 0
    },
    "originalSize": {
      "width": 192,
      "height": 192
    },
    "rotated": false,
    "capInsets": [
      0,
      0,
      0,
      0
    ],
    "vertices": {
      "rawPosition": [
        -96,
        -89,
        0,
        96,
        -89,
        0,
        -96,
        89,
        0,
        96,
        89,
        0
      ],
      "indexes": [
        0,
        1,
        2,
        2,
        1,
        3
      ],
      "uv": [
        0,
        185,
        192,
        185,
        0,
        7,
        192,
        7
      ],
      "nuv": [
        0,
        0.036458333333333336,
        1,
        0.036458333333333336,
        0,
        0.9635416666666666,
        1,
        0.9635416666666666
      ],
      "minPos": {
        "x": -96,
        "y": -89,
        "z": 0
      },
      "maxPos": {
        "x": 96,
        "y": 89,
        "z": 0
      }
    },
    "texture": "1fca61f6-72d3-4a03-964c-c6ef2c3f38ae@6c48a",
    "packable": true,
    "pixelsToUnit": 100,
    "pivot": {
      "x": 0.5,
      "y": 0.5
    },
    "meshType": 0
  }
}