{
  "__type__": "cc.SpriteFrame",
  "content": {
    "name": "icon_skill_dash",
    "atlas": "",
    "rect": {
      "x": 21,
      "y": 31,
      "width": 150,
      "height": 130
    },
    "offset": {
      "x": 0,
      "y": 0
    },
    "originalSize": {
      "width": 192,
      "height": 192
    },
    "rotated": false,
    "capInsets": [
      0,
      0,
      0,
      0
    ],
    "vertices": {
      "rawPosition": [
        -75,
        -65,
        0,
        75,
        -65,
        0,
        -75,
        65,
        0,
        75,
        65,
        0
      ],
      "indexes": [
        0,
        1,
        2,
        2,
        1,
        3
      ],
      "uv": [
        21,
        161,
        171,
        161,
        21,
        31,
        171,
        31
      ],
      "nuv": [
        0.109375,
        0.16145833333333334,
        0.890625,
        0.16145833333333334,
        0.109375,
        0.8385416666666666,
        0.890625,
        0.8385416666666666
      ],
      "minPos": {
        "x": -75,
        "y": -65,
        "z": 0
      },
      "maxPos": {
        "x": 75,
        "y": 65,
        "z": 0
      }
    },
    "texture": "bc63a29d-0a78-48a6-a143-d2f6094e816a@6c48a",
    "packable": true,
    "pixelsToUnit": 100,
    "pivot": {
      "x": 0.5,
      "y": 0.5
    },
    "meshType": 0
  }
}