{
  "__type__": "cc.SpriteFrame",
  "content": {
    "name": "set_counter_bg",
    "atlas": "",
    "rect": {
      "x": 62,
      "y": 5,
      "width": 96,
      "height": 54
    },
    "offset": {
      "x": 0,
      "y": 0
    },
    "originalSize": {
      "width": 220,
      "height": 64
    },
    "rotated": false,
    "capInsets": [
      0,
      0,
      0,
      0
    ],
    "vertices": {
      "rawPosition": [
        -48,
        -27,
        0,
        48,
        -27,
        0,
        -48,
        27,
        0,
        48,
        27,
        0
      ],
      "indexes": [
        0,
        1,
        2,
        2,
        1,
        3
      ],
      "uv": [
        62,
        59,
        158,
        59,
        62,
        5,
        158,
        5
      ],
      "nuv": [
        0.2818181818181818,
        0.078125,
        0.7181818181818181,
        0.078125,
        0.2818181818181818,
        0.921875,
        0.7181818181818181,
        0.921875
      ],
      "minPos": {
        "x": -48,
        "y": -27,
        "z": 0
      },
      "maxPos": {
        "x": 48,
        "y": 27,
        "z": 0
      }
    },
    "texture": "43e3b0c4-1a35-472c-87b0-ed31e624bb20@6c48a",
    "packable": true,
    "pixelsToUnit": 100,
    "pivot": {
      "x": 0.5,
      "y": 0.5
    },
    "meshType": 0
  }
}