{
  "__type__": "cc.SpriteFrame",
  "content": {
    "name": "boss_lord_catacombs_skill",
    "atlas": "",
    "rect": {
      "x": 12,
      "y": 26,
      "width": 232,
      "height": 204
    },
    "offset": {
      "x": 0,
      "y": 0
    },
    "originalSize": {
      "width": 256,
      "height": 256
    },
    "rotated": false,
    "capInsets": [
      0,
      0,
      0,
      0
    ],
    "vertices": {
      "rawPosition": [
        -116,
        -102,
        0,
        116,
        -102,
        0,
        -116,
        102,
        0,
        116,
        102,
        0
      ],
      "indexes": [
        0,
        1,
        2,
        2,
        1,
        3
      ],
      "uv": [
        12,
        230,
        244,
        230,
        12,
        26,
        244,
        26
      ],
      "nuv": [
        0.046875,
        0.1015625,
        0.953125,
        0.1015625,
        0.046875,
        0.8984375,
        0.953125,
        0.8984375
      ],
      "minPos": {
        "x": -116,
        "y": -102,
        "z": 0
      },
      "maxPos": {
        "x": 116,
        "y": 102,
        "z": 0
      }
    },
    "texture": "aceb335a-78d3-4020-8b33-b0c41551e99f@6c48a",
    "packable": true,
    "pixelsToUnit": 100,
    "pivot": {
      "x": 0.5,
      "y": 0.5
    },
    "meshType": 0
  }
}