{
  "__type__": "cc.SpriteFrame",
  "content": {
    "name": "rarity_rare",
    "atlas": "",
    "rect": {
      "x": 3,
      "y": 2,
      "width": 53,
      "height": 56
    },
    "offset": {
      "x": -0.5,
      "y": 0
    },
    "originalSize": {
      "width": 60,
      "height": 60
    },
    "rotated": false,
    "capInsets": [
      0,
      0,
      0,
      0
    ],
    "vertices": {
      "rawPosition": [
        -26.5,
        -28,
        0,
        26.5,
        -28,
        0,
        -26.5,
        28,
        0,
        26.5,
        28,
        0
      ],
      "indexes": [
        0,
        1,
        2,
        2,
        1,
        3
      ],
      "uv": [
        3,
        58,
        56,
        58,
        3,
        2,
        56,
        2
      ],
      "nuv": [
        0.05,
        0.03333333333333333,
        0.9333333333333333,
        0.03333333333333333,
        0.05,
        0.9666666666666667,
        0.9333333333333333,
        0.9666666666666667
      ],
      "minPos": {
        "x": -26.5,
        "y": -28,
        "z": 0
      },
      "maxPos": {
        "x": 26.5,
        "y": 28,
        "z": 0
      }
    },
    "texture": "0e308f06-9178-4ccd-8b6f-b65be287b4fd@6c48a",
    "packable": true,
    "pixelsToUnit": 100,
    "pivot": {
      "x": 0.5,
      "y": 0.5
    },
    "meshType": 0
  }
}