{
  "__type__": "cc.SpriteFrame",
  "content": {
    "name": "boss_firelord_skill",
    "atlas": "",
    "rect": {
      "x": 31,
      "y": 12,
      "width": 194,
      "height": 232
    },
    "offset": {
      "x": 0,
      "y": 0
    },
    "originalSize": {
      "width": 256,
      "height": 256
    },
    "rotated": false,
    "capInsets": [
      0,
      0,
      0,
      0
    ],
    "vertices": {
      "rawPosition": [
        -97,
        -116,
        0,
        97,
        -116,
        0,
        -97,
        116,
        0,
        97,
        116,
        0
      ],
      "indexes": [
        0,
        1,
        2,
        2,
        1,
        3
      ],
      "uv": [
        31,
        244,
        225,
        244,
        31,
        12,
        225,
        12
      ],
      "nuv": [
        0.12109375,
        0.046875,
        0.87890625,
        0.046875,
        0.12109375,
        0.953125,
        0.87890625,
        0.953125
      ],
      "minPos": {
        "x": -97,
        "y": -116,
        "z": 0
      },
      "maxPos": {
        "x": 97,
        "y": 116,
        "z": 0
      }
    },
    "texture": "455af40a-a19b-406f-8c6e-7551e929bf48@6c48a",
    "packable": true,
    "pixelsToUnit": 100,
    "pivot": {
      "x": 0.5,
      "y": 0.5
    },
    "meshType": 0
  }
}