{
  "__type__": "cc.SpriteFrame",
  "content": {
    "name": "icon_relic_blinkstone",
    "atlas": "",
    "rect": {
      "x": 11,
      "y": 10,
      "width": 233,
      "height": 236
    },
    "offset": {
      "x": -0.5,
      "y": 0
    },
    "originalSize": {
      "width": 256,
      "height": 256
    },
    "rotated": false,
    "capInsets": [
      0,
      0,
      0,
      0
    ],
    "vertices": {
      "rawPosition": [
        -116.5,
        -118,
        0,
        116.5,
        -118,
        0,
        -116.5,
        118,
        0,
        116.5,
        118,
        0
      ],
      "indexes": [
        0,
        1,
        2,
        2,
        1,
        3
      ],
      "uv": [
        11,
        246,
        244,
        246,
        11,
        10,
        244,
        10
      ],
      "nuv": [
        0.04296875,
        0.0390625,
        0.953125,
        0.0390625,
        0.04296875,
        0.9609375,
        0.953125,
        0.9609375
      ],
      "minPos": {
        "x": -116.5,
        "y": -118,
        "z": 0
      },
      "maxPos": {
        "x": 116.5,
        "y": 118,
        "z": 0
      }
    },
    "texture": "a4ea3194-f77a-4e43-9ff9-816c9acf2efa@6c48a",
    "packable": true,
    "pixelsToUnit": 100,
    "pivot": {
      "x": 0.5,
      "y": 0.5
    },
    "meshType": 0
  }
}