{
  "__type__": "cc.SpriteFrame",
  "content": {
    "name": "boss_abyssoverlord_attack",
    "atlas": "",
    "rect": {
      "x": 12,
      "y": 25,
      "width": 232,
      "height": 206
    },
    "offset": {
      "x": 0,
      "y": 0
    },
    "originalSize": {
      "width": 256,
      "height": 256
    },
    "rotated": false,
    "capInsets": [
      0,
      0,
      0,
      0
    ],
    "vertices": {
      "rawPosition": [
        -116,
        -103,
        0,
        116,
        -103,
        0,
        -116,
        103,
        0,
        116,
        103,
        0
      ],
      "indexes": [
        0,
        1,
        2,
        2,
        1,
        3
      ],
      "uv": [
        12,
        231,
        244,
        231,
        12,
        25,
        244,
        25
      ],
      "nuv": [
        0.046875,
        0.09765625,
        0.953125,
        0.09765625,
        0.046875,
        0.90234375,
        0.953125,
        0.90234375
      ],
      "minPos": {
        "x": -116,
        "y": -103,
        "z": 0
      },
      "maxPos": {
        "x": 116,
        "y": 103,
        "z": 0
      }
    },
    "texture": "8ed249d3-ce84-42b3-86bd-f70e7745def1@6c48a",
    "packable": true,
    "pixelsToUnit": 100,
    "pivot": {
      "x": 0.5,
      "y": 0.5
    },
    "meshType": 0
  }
}