{
  "__type__": "cc.SpriteFrame",
  "content": {
    "name": "boss_queen_tundra_attack",
    "atlas": "",
    "rect": {
      "x": 12,
      "y": 24,
      "width": 232,
      "height": 207
    },
    "offset": {
      "x": 0,
      "y": 0.5
    },
    "originalSize": {
      "width": 256,
      "height": 256
    },
    "rotated": false,
    "capInsets": [
      0,
      0,
      0,
      0
    ],
    "vertices": {
      "rawPosition": [
        -116,
        -103.5,
        0,
        116,
        -103.5,
        0,
        -116,
        103.5,
        0,
        116,
        103.5,
        0
      ],
      "indexes": [
        0,
        1,
        2,
        2,
        1,
        3
      ],
      "uv": [
        12,
        232,
        244,
        232,
        12,
        25,
        244,
        25
      ],
      "nuv": [
        0.046875,
        0.09765625,
        0.953125,
        0.09765625,
        0.046875,
        0.90625,
        0.953125,
        0.90625
      ],
      "minPos": {
        "x": -116,
        "y": -103.5,
        "z": 0
      },
      "maxPos": {
        "x": 116,
        "y": 103.5,
        "z": 0
      }
    },
    "texture": "8ed5ac82-84f2-4887-9bdd-679042201a38@6c48a",
    "packable": true,
    "pixelsToUnit": 100,
    "pivot": {
      "x": 0.5,
      "y": 0.5
    },
    "meshType": 0
  }
}