{
  "__type__": "cc.SpriteFrame",
  "content": {
    "name": "monster_volcano_infernoelite_idle",
    "atlas": "",
    "rect": {
      "x": 4,
      "y": 0,
      "width": 183,
      "height": 192
    },
    "offset": {
      "x": -0.5,
      "y": 0
    },
    "originalSize": {
      "width": 192,
      "height": 192
    },
    "rotated": false,
    "capInsets": [
      0,
      0,
      0,
      0
    ],
    "vertices": {
      "rawPosition": [
        -91.5,
        -96,
        0,
        91.5,
        -96,
        0,
        -91.5,
        96,
        0,
        91.5,
        96,
        0
      ],
      "indexes": [
        0,
        1,
        2,
        2,
        1,
        3
      ],
      "uv": [
        4,
        192,
        187,
        192,
        4,
        0,
        187,
        0
      ],
      "nuv": [
        0.020833333333333332,
        0,
        0.9739583333333334,
        0,
        0.020833333333333332,
        1,
        0.9739583333333334,
        1
      ],
      "minPos": {
        "x": -91.5,
        "y": -96,
        "z": 0
      },
      "maxPos": {
        "x": 91.5,
        "y": 96,
        "z": 0
      }
    },
    "texture": "2ebe2a6f-f69b-464a-85fc-44e18b932f63@6c48a",
    "packable": true,
    "pixelsToUnit": 100,
    "pivot": {
      "x": 0.5,
      "y": 0.5
    },
    "meshType": 0
  }
}