{
  "__type__": "cc.SpriteFrame",
  "content": {
    "name": "miniboss_firegolem_idle",
    "atlas": "",
    "rect": {
      "x": 15,
      "y": 9,
      "width": 162,
      "height": 174
    },
    "offset": {
      "x": 0,
      "y": 0
    },
    "originalSize": {
      "width": 192,
      "height": 192
    },
    "rotated": false,
    "capInsets": [
      0,
      0,
      0,
      0
    ],
    "vertices": {
      "rawPosition": [
        -81,
        -87,
        0,
        81,
        -87,
        0,
        -81,
        87,
        0,
        81,
        87,
        0
      ],
      "indexes": [
        0,
        1,
        2,
        2,
        1,
        3
      ],
      "uv": [
        15,
        183,
        177,
        183,
        15,
        9,
        177,
        9
      ],
      "nuv": [
        0.078125,
        0.046875,
        0.921875,
        0.046875,
        0.078125,
        0.953125,
        0.921875,
        0.953125
      ],
      "minPos": {
        "x": -81,
        "y": -87,
        "z": 0
      },
      "maxPos": {
        "x": 81,
        "y": 87,
        "z": 0
      }
    },
    "texture": "9420f914-f9dd-48c0-9b9e-a92e88556d3d@6c48a",
    "packable": true,
    "pixelsToUnit": 100,
    "pivot": {
      "x": 0.5,
      "y": 0.5
    },
    "meshType": 0
  }
}