{
  "__type__": "cc.SpriteFrame",
  "content": {
    "name": "miniboss_blackknight_idle",
    "atlas": "",
    "rect": {
      "x": 9,
      "y": 14,
      "width": 174,
      "height": 164
    },
    "offset": {
      "x": 0,
      "y": 0
    },
    "originalSize": {
      "width": 192,
      "height": 192
    },
    "rotated": false,
    "capInsets": [
      0,
      0,
      0,
      0
    ],
    "vertices": {
      "rawPosition": [
        -87,
        -82,
        0,
        87,
        -82,
        0,
        -87,
        82,
        0,
        87,
        82,
        0
      ],
      "indexes": [
        0,
        1,
        2,
        2,
        1,
        3
      ],
      "uv": [
        9,
        178,
        183,
        178,
        9,
        14,
        183,
        14
      ],
      "nuv": [
        0.046875,
        0.07291666666666667,
        0.953125,
        0.07291666666666667,
        0.046875,
        0.9270833333333334,
        0.953125,
        0.9270833333333334
      ],
      "minPos": {
        "x": -87,
        "y": -82,
        "z": 0
      },
      "maxPos": {
        "x": 87,
        "y": 82,
        "z": 0
      }
    },
    "texture": "94dd1275-961a-47a2-9e52-c4d378bceeaf@6c48a",
    "packable": true,
    "pixelsToUnit": 100,
    "pivot": {
      "x": 0.5,
      "y": 0.5
    },
    "meshType": 0
  }
}