{
  "__type__": "cc.SpriteFrame",
  "content": {
    "name": "rarity_magic",
    "atlas": "",
    "rect": {
      "x": 2,
      "y": 2,
      "width": 55,
      "height": 56
    },
    "offset": {
      "x": -0.5,
      "y": 0
    },
    "originalSize": {
      "width": 60,
      "height": 60
    },
    "rotated": false,
    "capInsets": [
      0,
      0,
      0,
      0
    ],
    "vertices": {
      "rawPosition": [
        -27.5,
        -28,
        0,
        27.5,
        -28,
        0,
        -27.5,
        28,
        0,
        27.5,
        28,
        0
      ],
      "indexes": [
        0,
        1,
        2,
        2,
        1,
        3
      ],
      "uv": [
        2,
        58,
        57,
        58,
        2,
        2,
        57,
        2
      ],
      "nuv": [
        0.03333333333333333,
        0.03333333333333333,
        0.95,
        0.03333333333333333,
        0.03333333333333333,
        0.9666666666666667,
        0.95,
        0.9666666666666667
      ],
      "minPos": {
        "x": -27.5,
        "y": -28,
        "z": 0
      },
      "maxPos": {
        "x": 27.5,
        "y": 28,
        "z": 0
      }
    },
    "texture": "71ec365d-a305-438e-ae7a-e8601fc2ac07@6c48a",
    "packable": true,
    "pixelsToUnit": 100,
    "pivot": {
      "x": 0.5,
      "y": 0.5
    },
    "meshType": 0
  }
}