{
  "__type__": "cc.SpriteFrame",
  "content": {
    "name": "fx_relic_shadow_dagger",
    "atlas": "",
    "rect": {
      "x": 33,
      "y": 47,
      "width": 113,
      "height": 686
    },
    "offset": {
      "x": -6.5,
      "y": -6
    },
    "originalSize": {
      "width": 192,
      "height": 768
    },
    "rotated": false,
    "capInsets": [
      0,
      0,
      0,
      0
    ],
    "vertices": {
      "rawPosition": [
        -56.5,
        -343,
        0,
        56.5,
        -343,
        0,
        -56.5,
        343,
        0,
        56.5,
        343,
        0
      ],
      "indexes": [
        0,
        1,
        2,
        2,
        1,
        3
      ],
      "uv": [
        33,
        721,
        146,
        721,
        33,
        35,
        146,
        35
      ],
      "nuv": [
        0.171875,
        0.045572916666666664,
        0.7604166666666666,
        0.045572916666666664,
        0.171875,
        0.9388020833333334,
        0.7604166666666666,
        0.9388020833333334
      ],
      "minPos": {
        "x": -56.5,
        "y": -343,
        "z": 0
      },
      "maxPos": {
        "x": 56.5,
        "y": 343,
        "z": 0
      }
    },
    "texture": "067c7303-7731-446d-b595-ea968a144569@6c48a",
    "packable": true,
    "pixelsToUnit": 100,
    "pivot": {
      "x": 0.5,
      "y": 0.5
    },
    "meshType": 0
  }
}