{
  "__type__": "cc.SpriteFrame",
  "content": {
    "name": "icon_relic_decoyscroll",
    "atlas": "",
    "rect": {
      "x": 20,
      "y": 10,
      "width": 215,
      "height": 236
    },
    "offset": {
      "x": -0.5,
      "y": 0
    },
    "originalSize": {
      "width": 256,
      "height": 256
    },
    "rotated": false,
    "capInsets": [
      0,
      0,
      0,
      0
    ],
    "vertices": {
      "rawPosition": [
        -107.5,
        -118,
        0,
        107.5,
        -118,
        0,
        -107.5,
        118,
        0,
        107.5,
        118,
        0
      ],
      "indexes": [
        0,
        1,
        2,
        2,
        1,
        3
      ],
      "uv": [
        20,
        246,
        235,
        246,
        20,
        10,
        235,
        10
      ],
      "nuv": [
        0.078125,
        0.0390625,
        0.91796875,
        0.0390625,
        0.078125,
        0.9609375,
        0.91796875,
        0.9609375
      ],
      "minPos": {
        "x": -107.5,
        "y": -118,
        "z": 0
      },
      "maxPos": {
        "x": 107.5,
        "y": 118,
        "z": 0
      }
    },
    "texture": "06f2e936-c9c1-4b44-9181-bce1d00c4199@6c48a",
    "packable": true,
    "pixelsToUnit": 100,
    "pivot": {
      "x": 0.5,
      "y": 0.5
    },
    "meshType": 0
  }
}