{
  "__type__": "cc.SpriteFrame",
  "content": {
    "name": "miniboss_snowape_idle",
    "atlas": "",
    "rect": {
      "x": 16,
      "y": 9,
      "width": 160,
      "height": 174
    },
    "offset": {
      "x": 0,
      "y": 0
    },
    "originalSize": {
      "width": 192,
      "height": 192
    },
    "rotated": false,
    "capInsets": [
      0,
      0,
      0,
      0
    ],
    "vertices": {
      "rawPosition": [
        -80,
        -87,
        0,
        80,
        -87,
        0,
        -80,
        87,
        0,
        80,
        87,
        0
      ],
      "indexes": [
        0,
        1,
        2,
        2,
        1,
        3
      ],
      "uv": [
        16,
        183,
        176,
        183,
        16,
        9,
        176,
        9
      ],
      "nuv": [
        0.08333333333333333,
        0.046875,
        0.9166666666666666,
        0.046875,
        0.08333333333333333,
        0.953125,
        0.9166666666666666,
        0.953125
      ],
      "minPos": {
        "x": -80,
        "y": -87,
        "z": 0
      },
      "maxPos": {
        "x": 80,
        "y": 87,
        "z": 0
      }
    },
    "texture": "294582d5-29df-4015-91fe-5e6b047090b9@6c48a",
    "packable": true,
    "pixelsToUnit": 100,
    "pivot": {
      "x": 0.5,
      "y": 0.5
    },
    "meshType": 0
  }
}