{
  "__type__": "cc.SpriteFrame",
  "content": {
    "name": "monster_swamp_swampspider_idle",
    "atlas": "",
    "rect": {
      "x": 0,
      "y": 17,
      "width": 192,
      "height": 158
    },
    "offset": {
      "x": 0,
      "y": 0
    },
    "originalSize": {
      "width": 192,
      "height": 192
    },
    "rotated": false,
    "capInsets": [
      0,
      0,
      0,
      0
    ],
    "vertices": {
      "rawPosition": [
        -96,
        -79,
        0,
        96,
        -79,
        0,
        -96,
        79,
        0,
        96,
        79,
        0
      ],
      "indexes": [
        0,
        1,
        2,
        2,
        1,
        3
      ],
      "uv": [
        0,
        175,
        192,
        175,
        0,
        17,
        192,
        17
      ],
      "nuv": [
        0,
        0.08854166666666667,
        1,
        0.08854166666666667,
        0,
        0.9114583333333334,
        1,
        0.9114583333333334
      ],
      "minPos": {
        "x": -96,
        "y": -79,
        "z": 0
      },
      "maxPos": {
        "x": 96,
        "y": 79,
        "z": 0
      }
    },
    "texture": "a7bad30f-4911-46fe-9f4a-e694bb0b6751@6c48a",
    "packable": true,
    "pixelsToUnit": 100,
    "pivot": {
      "x": 0.5,
      "y": 0.5
    },
    "meshType": 0
  }
}