{
  "__type__": "cc.SpriteFrame",
  "content": {
    "name": "btn_revive_active",
    "atlas": "",
    "rect": {
      "x": 18,
      "y": 4,
      "width": 203,
      "height": 69
    },
    "offset": {
      "x": -0.5,
      "y": -0.5
    },
    "originalSize": {
      "width": 240,
      "height": 76
    },
    "rotated": false,
    "capInsets": [
      0,
      0,
      0,
      0
    ],
    "vertices": {
      "rawPosition": [
        -101.5,
        -34.5,
        0,
        101.5,
        -34.5,
        0,
        -101.5,
        34.5,
        0,
        101.5,
        34.5,
        0
      ],
      "indexes": [
        0,
        1,
        2,
        2,
        1,
        3
      ],
      "uv": [
        18,
        72,
        221,
        72,
        18,
        3,
        221,
        3
      ],
      "nuv": [
        0.075,
        0.039473684210526314,
        0.9208333333333333,
        0.039473684210526314,
        0.075,
        0.9473684210526315,
        0.9208333333333333,
        0.9473684210526315
      ],
      "minPos": {
        "x": -101.5,
        "y": -34.5,
        "z": 0
      },
      "maxPos": {
        "x": 101.5,
        "y": 34.5,
        "z": 0
      }
    },
    "texture": "a7f4ead0-7e5c-47b9-841e-c2ed5e3285d4@6c48a",
    "packable": true,
    "pixelsToUnit": 100,
    "pivot": {
      "x": 0.5,
      "y": 0.5
    },
    "meshType": 0
  }
}