{
  "__type__": "cc.SpriteFrame",
  "content": {
    "name": "boss_forestguardian_death",
    "atlas": "",
    "rect": {
      "x": 4,
      "y": 6,
      "width": 88,
      "height": 83
    },
    "offset": {
      "x": 0,
      "y": 0.5
    },
    "originalSize": {
      "width": 96,
      "height": 96
    },
    "rotated": false,
    "capInsets": [
      0,
      0,
      0,
      0
    ],
    "vertices": {
      "rawPosition": [
        -44,
        -41.5,
        0,
        44,
        -41.5,
        0,
        -44,
        41.5,
        0,
        44,
        41.5,
        0
      ],
      "indexes": [
        0,
        1,
        2,
        2,
        1,
        3
      ],
      "uv": [
        4,
        90,
        92,
        90,
        4,
        7,
        92,
        7
      ],
      "nuv": [
        0.041666666666666664,
        0.07291666666666667,
        0.9583333333333334,
        0.07291666666666667,
        0.041666666666666664,
        0.9375,
        0.9583333333333334,
        0.9375
      ],
      "minPos": {
        "x": -44,
        "y": -41.5,
        "z": 0
      },
      "maxPos": {
        "x": 44,
        "y": 41.5,
        "z": 0
      }
    },
    "texture": "db3cbaae-ac97-432a-9dd5-f2f7d18013f6@6c48a",
    "packable": true,
    "pixelsToUnit": 100,
    "pivot": {
      "x": 0.5,
      "y": 0.5
    },
    "meshType": 0
  }
}