{
  "__type__": "cc.SpriteFrame",
  "content": {
    "name": "boss_frostqueen_death",
    "atlas": "",
    "rect": {
      "x": 13,
      "y": 4,
      "width": 70,
      "height": 88
    },
    "offset": {
      "x": 0,
      "y": 0
    },
    "originalSize": {
      "width": 96,
      "height": 96
    },
    "rotated": false,
    "capInsets": [
      0,
      0,
      0,
      0
    ],
    "vertices": {
      "rawPosition": [
        -35,
        -44,
        0,
        35,
        -44,
        0,
        -35,
        44,
        0,
        35,
        44,
        0
      ],
      "indexes": [
        0,
        1,
        2,
        2,
        1,
        3
      ],
      "uv": [
        13,
        92,
        83,
        92,
        13,
        4,
        83,
        4
      ],
      "nuv": [
        0.13541666666666666,
        0.041666666666666664,
        0.8645833333333334,
        0.041666666666666664,
        0.13541666666666666,
        0.9583333333333334,
        0.8645833333333334,
        0.9583333333333334
      ],
      "minPos": {
        "x": -35,
        "y": -44,
        "z": 0
      },
      "maxPos": {
        "x": 35,
        "y": 44,
        "z": 0
      }
    },
    "texture": "a240d5a9-a59c-4340-b92b-ac59e4efb617@6c48a",
    "packable": true,
    "pixelsToUnit": 100,
    "pivot": {
      "x": 0.5,
      "y": 0.5
    },
    "meshType": 0
  }
}