{
  "__type__": "cc.SpriteFrame",
  "content": {
    "name": "icon_item_healingpotion",
    "atlas": "",
    "rect": {
      "x": 43,
      "y": 21,
      "width": 106,
      "height": 150
    },
    "offset": {
      "x": 0,
      "y": 0
    },
    "originalSize": {
      "width": 192,
      "height": 192
    },
    "rotated": false,
    "capInsets": [
      0,
      0,
      0,
      0
    ],
    "vertices": {
      "rawPosition": [
        -53,
        -75,
        0,
        53,
        -75,
        0,
        -53,
        75,
        0,
        53,
        75,
        0
      ],
      "indexes": [
        0,
        1,
        2,
        2,
        1,
        3
      ],
      "uv": [
        43,
        171,
        149,
        171,
        43,
        21,
        149,
        21
      ],
      "nuv": [
        0.22395833333333334,
        0.109375,
        0.7760416666666666,
        0.109375,
        0.22395833333333334,
        0.890625,
        0.7760416666666666,
        0.890625
      ],
      "minPos": {
        "x": -53,
        "y": -75,
        "z": 0
      },
      "maxPos": {
        "x": 53,
        "y": 75,
        "z": 0
      }
    },
    "texture": "a2c834a6-5cdd-4ac1-be6a-de72560ac392@6c48a",
    "packable": true,
    "pixelsToUnit": 100,
    "pivot": {
      "x": 0.5,
      "y": 0.5
    },
    "meshType": 0
  }
}