{
  "__type__": "cc.SpriteFrame",
  "content": {
    "name": "boss_frostqueen_skill",
    "atlas": "",
    "rect": {
      "x": 23,
      "y": 12,
      "width": 210,
      "height": 232
    },
    "offset": {
      "x": 0,
      "y": 0
    },
    "originalSize": {
      "width": 256,
      "height": 256
    },
    "rotated": false,
    "capInsets": [
      0,
      0,
      0,
      0
    ],
    "vertices": {
      "rawPosition": [
        -105,
        -116,
        0,
        105,
        -116,
        0,
        -105,
        116,
        0,
        105,
        116,
        0
      ],
      "indexes": [
        0,
        1,
        2,
        2,
        1,
        3
      ],
      "uv": [
        23,
        244,
        233,
        244,
        23,
        12,
        233,
        12
      ],
      "nuv": [
        0.08984375,
        0.046875,
        0.91015625,
        0.046875,
        0.08984375,
        0.953125,
        0.91015625,
        0.953125
      ],
      "minPos": {
        "x": -105,
        "y": -116,
        "z": 0
      },
      "maxPos": {
        "x": 105,
        "y": 116,
        "z": 0
      }
    },
    "texture": "01b5010e-696e-4ab2-805c-2239b52607ce@6c48a",
    "packable": true,
    "pixelsToUnit": 100,
    "pivot": {
      "x": 0.5,
      "y": 0.5
    },
    "meshType": 0
  }
}