{
  "__type__": "cc.SpriteFrame",
  "content": {
    "name": "boss_lord_abyss_idle",
    "atlas": "",
    "rect": {
      "x": 62,
      "y": 12,
      "width": 132,
      "height": 232
    },
    "offset": {
      "x": 0,
      "y": 0
    },
    "originalSize": {
      "width": 256,
      "height": 256
    },
    "rotated": false,
    "capInsets": [
      0,
      0,
      0,
      0
    ],
    "vertices": {
      "rawPosition": [
        -66,
        -116,
        0,
        66,
        -116,
        0,
        -66,
        116,
        0,
        66,
        116,
        0
      ],
      "indexes": [
        0,
        1,
        2,
        2,
        1,
        3
      ],
      "uv": [
        62,
        244,
        194,
        244,
        62,
        12,
        194,
        12
      ],
      "nuv": [
        0.2421875,
        0.046875,
        0.7578125,
        0.046875,
        0.2421875,
        0.953125,
        0.7578125,
        0.953125
      ],
      "minPos": {
        "x": -66,
        "y": -116,
        "z": 0
      },
      "maxPos": {
        "x": 66,
        "y": 116,
        "z": 0
      }
    },
    "texture": "f404eae1-515e-4bc1-929b-d44554dccd53@6c48a",
    "packable": true,
    "pixelsToUnit": 100,
    "pivot": {
      "x": 0.5,
      "y": 0.5
    },
    "meshType": 0
  }
}