{
  "__type__": "cc.SpriteFrame",
  "content": {
    "name": "icon_item_key",
    "atlas": "",
    "rect": {
      "x": 56,
      "y": 21,
      "width": 80,
      "height": 150
    },
    "offset": {
      "x": 0,
      "y": 0
    },
    "originalSize": {
      "width": 192,
      "height": 192
    },
    "rotated": false,
    "capInsets": [
      0,
      0,
      0,
      0
    ],
    "vertices": {
      "rawPosition": [
        -40,
        -75,
        0,
        40,
        -75,
        0,
        -40,
        75,
        0,
        40,
        75,
        0
      ],
      "indexes": [
        0,
        1,
        2,
        2,
        1,
        3
      ],
      "uv": [
        56,
        171,
        136,
        171,
        56,
        21,
        136,
        21
      ],
      "nuv": [
        0.2916666666666667,
        0.109375,
        0.7083333333333334,
        0.109375,
        0.2916666666666667,
        0.890625,
        0.7083333333333334,
        0.890625
      ],
      "minPos": {
        "x": -40,
        "y": -75,
        "z": 0
      },
      "maxPos": {
        "x": 40,
        "y": 75,
        "z": 0
      }
    },
    "texture": "2209fc0c-e30f-48a9-8674-8977aba2635e@6c48a",
    "packable": true,
    "pixelsToUnit": 100,
    "pivot": {
      "x": 0.5,
      "y": 0.5
    },
    "meshType": 0
  }
}