{
  "__type__": "cc.SpriteFrame",
  "content": {
    "name": "boss_frostqueen_attack",
    "atlas": "",
    "rect": {
      "x": 12,
      "y": 20,
      "width": 232,
      "height": 215
    },
    "offset": {
      "x": 0,
      "y": 0.5
    },
    "originalSize": {
      "width": 256,
      "height": 256
    },
    "rotated": false,
    "capInsets": [
      0,
      0,
      0,
      0
    ],
    "vertices": {
      "rawPosition": [
        -116,
        -107.5,
        0,
        116,
        -107.5,
        0,
        -116,
        107.5,
        0,
        116,
        107.5,
        0
      ],
      "indexes": [
        0,
        1,
        2,
        2,
        1,
        3
      ],
      "uv": [
        12,
        236,
        244,
        236,
        12,
        21,
        244,
        21
      ],
      "nuv": [
        0.046875,
        0.08203125,
        0.953125,
        0.08203125,
        0.046875,
        0.921875,
        0.953125,
        0.921875
      ],
      "minPos": {
        "x": -116,
        "y": -107.5,
        "z": 0
      },
      "maxPos": {
        "x": 116,
        "y": 107.5,
        "z": 0
      }
    },
    "texture": "22373946-0143-4b3b-b5a5-1b4fabc75e5f@6c48a",
    "packable": true,
    "pixelsToUnit": 100,
    "pivot": {
      "x": 0.5,
      "y": 0.5
    },
    "meshType": 0
  }
}