{
  "__type__": "cc.SpriteFrame",
  "content": {
    "name": "icon_set_shadow",
    "atlas": "",
    "rect": {
      "x": 25,
      "y": 21,
      "width": 142,
      "height": 150
    },
    "offset": {
      "x": 0,
      "y": 0
    },
    "originalSize": {
      "width": 192,
      "height": 192
    },
    "rotated": false,
    "capInsets": [
      0,
      0,
      0,
      0
    ],
    "vertices": {
      "rawPosition": [
        -71,
        -75,
        0,
        71,
        -75,
        0,
        -71,
        75,
        0,
        71,
        75,
        0
      ],
      "indexes": [
        0,
        1,
        2,
        2,
        1,
        3
      ],
      "uv": [
        25,
        171,
        167,
        171,
        25,
        21,
        167,
        21
      ],
      "nuv": [
        0.13020833333333334,
        0.109375,
        0.8697916666666666,
        0.109375,
        0.13020833333333334,
        0.890625,
        0.8697916666666666,
        0.890625
      ],
      "minPos": {
        "x": -71,
        "y": -75,
        "z": 0
      },
      "maxPos": {
        "x": 71,
        "y": 75,
        "z": 0
      }
    },
    "texture": "3921826f-3391-4289-88f8-3ba31b6d15d9@6c48a",
    "packable": true,
    "pixelsToUnit": 100,
    "pivot": {
      "x": 0.5,
      "y": 0.5
    },
    "meshType": 0
  }
}