{
  "__type__": "cc.SpriteFrame",
  "content": {
    "name": "icon_debuff_burn",
    "atlas": "",
    "rect": {
      "x": 35,
      "y": 21,
      "width": 121,
      "height": 150
    },
    "offset": {
      "x": -0.5,
      "y": 0
    },
    "originalSize": {
      "width": 192,
      "height": 192
    },
    "rotated": false,
    "capInsets": [
      0,
      0,
      0,
      0
    ],
    "vertices": {
      "rawPosition": [
        -60.5,
        -75,
        0,
        60.5,
        -75,
        0,
        -60.5,
        75,
        0,
        60.5,
        75,
        0
      ],
      "indexes": [
        0,
        1,
        2,
        2,
        1,
        3
      ],
      "uv": [
        35,
        171,
        156,
        171,
        35,
        21,
        156,
        21
      ],
      "nuv": [
        0.18229166666666666,
        0.109375,
        0.8125,
        0.109375,
        0.18229166666666666,
        0.890625,
        0.8125,
        0.890625
      ],
      "minPos": {
        "x": -60.5,
        "y": -75,
        "z": 0
      },
      "maxPos": {
        "x": 60.5,
        "y": 75,
        "z": 0
      }
    },
    "texture": "392a2e7d-454d-4f2f-bc9e-eaf694d81bbb@6c48a",
    "packable": true,
    "pixelsToUnit": 100,
    "pivot": {
      "x": 0.5,
      "y": 0.5
    },
    "meshType": 0
  }
}