{
  "__type__": "cc.SpriteFrame",
  "content": {
    "name": "icon_relic_speedgauntlet",
    "atlas": "",
    "rect": {
      "x": 23,
      "y": 21,
      "width": 146,
      "height": 141
    },
    "offset": {
      "x": 0,
      "y": 4.5
    },
    "originalSize": {
      "width": 192,
      "height": 192
    },
    "rotated": false,
    "capInsets": [
      0,
      0,
      0,
      0
    ],
    "vertices": {
      "rawPosition": [
        -73,
        -70.5,
        0,
        73,
        -70.5,
        0,
        -73,
        70.5,
        0,
        73,
        70.5,
        0
      ],
      "indexes": [
        0,
        1,
        2,
        2,
        1,
        3
      ],
      "uv": [
        23,
        171,
        169,
        171,
        23,
        30,
        169,
        30
      ],
      "nuv": [
        0.11979166666666667,
        0.15625,
        0.8802083333333334,
        0.15625,
        0.11979166666666667,
        0.890625,
        0.8802083333333334,
        0.890625
      ],
      "minPos": {
        "x": -73,
        "y": -70.5,
        "z": 0
      },
      "maxPos": {
        "x": 73,
        "y": 70.5,
        "z": 0
      }
    },
    "texture": "905584ab-ceb0-495b-b205-906cc1c030a8@6c48a",
    "packable": true,
    "pixelsToUnit": 100,
    "pivot": {
      "x": 0.5,
      "y": 0.5
    },
    "meshType": 0
  }
}