{
  "__type__": "cc.SpriteFrame",
  "content": {
    "name": "monster_catacombs_batswarm_idle",
    "atlas": "",
    "rect": {
      "x": 0,
      "y": 13,
      "width": 192,
      "height": 166
    },
    "offset": {
      "x": 0,
      "y": 0
    },
    "originalSize": {
      "width": 192,
      "height": 192
    },
    "rotated": false,
    "capInsets": [
      0,
      0,
      0,
      0
    ],
    "vertices": {
      "rawPosition": [
        -96,
        -83,
        0,
        96,
        -83,
        0,
        -96,
        83,
        0,
        96,
        83,
        0
      ],
      "indexes": [
        0,
        1,
        2,
        2,
        1,
        3
      ],
      "uv": [
        0,
        179,
        192,
        179,
        0,
        13,
        192,
        13
      ],
      "nuv": [
        0,
        0.06770833333333333,
        1,
        0.06770833333333333,
        0,
        0.9322916666666666,
        1,
        0.9322916666666666
      ],
      "minPos": {
        "x": -96,
        "y": -83,
        "z": 0
      },
      "maxPos": {
        "x": 96,
        "y": 83,
        "z": 0
      }
    },
    "texture": "90d9d398-1e46-4bab-846b-2cca8c6dd5e5@6c48a",
    "packable": true,
    "pixelsToUnit": 100,
    "pivot": {
      "x": 0.5,
      "y": 0.5
    },
    "meshType": 0
  }
}