{
  "__type__": "cc.SpriteFrame",
  "content": {
    "name": "boss_firelord_idle",
    "atlas": "",
    "rect": {
      "x": 19,
      "y": 12,
      "width": 217,
      "height": 232
    },
    "offset": {
      "x": -0.5,
      "y": 0
    },
    "originalSize": {
      "width": 256,
      "height": 256
    },
    "rotated": false,
    "capInsets": [
      0,
      0,
      0,
      0
    ],
    "vertices": {
      "rawPosition": [
        -108.5,
        -116,
        0,
        108.5,
        -116,
        0,
        -108.5,
        116,
        0,
        108.5,
        116,
        0
      ],
      "indexes": [
        0,
        1,
        2,
        2,
        1,
        3
      ],
      "uv": [
        19,
        244,
        236,
        244,
        19,
        12,
        236,
        12
      ],
      "nuv": [
        0.07421875,
        0.046875,
        0.921875,
        0.046875,
        0.07421875,
        0.953125,
        0.921875,
        0.953125
      ],
      "minPos": {
        "x": -108.5,
        "y": -116,
        "z": 0
      },
      "maxPos": {
        "x": 108.5,
        "y": 116,
        "z": 0
      }
    },
    "texture": "f5fea308-a685-47a3-88e5-92317d318a39@6c48a",
    "packable": true,
    "pixelsToUnit": 100,
    "pivot": {
      "x": 0.5,
      "y": 0.5
    },
    "meshType": 0
  }
}