{
  "__type__": "cc.SpriteFrame",
  "content": {
    "name": "icon_item_ironpotion",
    "atlas": "",
    "rect": {
      "x": 41,
      "y": 21,
      "width": 110,
      "height": 148
    },
    "offset": {
      "x": 0,
      "y": 1
    },
    "originalSize": {
      "width": 192,
      "height": 192
    },
    "rotated": false,
    "capInsets": [
      0,
      0,
      0,
      0
    ],
    "vertices": {
      "rawPosition": [
        -55,
        -74,
        0,
        55,
        -74,
        0,
        -55,
        74,
        0,
        55,
        74,
        0
      ],
      "indexes": [
        0,
        1,
        2,
        2,
        1,
        3
      ],
      "uv": [
        41,
        171,
        151,
        171,
        41,
        23,
        151,
        23
      ],
      "nuv": [
        0.21354166666666666,
        0.11979166666666667,
        0.7864583333333334,
        0.11979166666666667,
        0.21354166666666666,
        0.890625,
        0.7864583333333334,
        0.890625
      ],
      "minPos": {
        "x": -55,
        "y": -74,
        "z": 0
      },
      "maxPos": {
        "x": 55,
        "y": 74,
        "z": 0
      }
    },
    "texture": "7307f12d-4099-4533-9971-771288a13ecc@6c48a",
    "packable": true,
    "pixelsToUnit": 100,
    "pivot": {
      "x": 0.5,
      "y": 0.5
    },
    "meshType": 0
  }
}