{
  "__type__": "cc.SpriteFrame",
  "content": {
    "name": "boss_guardian_forest_attack",
    "atlas": "",
    "rect": {
      "x": 12,
      "y": 15,
      "width": 232,
      "height": 226
    },
    "offset": {
      "x": 0,
      "y": 0
    },
    "originalSize": {
      "width": 256,
      "height": 256
    },
    "rotated": false,
    "capInsets": [
      0,
      0,
      0,
      0
    ],
    "vertices": {
      "rawPosition": [
        -116,
        -113,
        0,
        116,
        -113,
        0,
        -116,
        113,
        0,
        116,
        113,
        0
      ],
      "indexes": [
        0,
        1,
        2,
        2,
        1,
        3
      ],
      "uv": [
        12,
        241,
        244,
        241,
        12,
        15,
        244,
        15
      ],
      "nuv": [
        0.046875,
        0.05859375,
        0.953125,
        0.05859375,
        0.046875,
        0.94140625,
        0.953125,
        0.94140625
      ],
      "minPos": {
        "x": -116,
        "y": -113,
        "z": 0
      },
      "maxPos": {
        "x": 116,
        "y": 113,
        "z": 0
      }
    },
    "texture": "73755fc0-4440-4f4f-aa50-6f61dcc4578d@6c48a",
    "packable": true,
    "pixelsToUnit": 100,
    "pivot": {
      "x": 0.5,
      "y": 0.5
    },
    "meshType": 0
  }
}