{
  "__type__": "cc.SpriteFrame",
  "content": {
    "name": "fx_reaction_shatter",
    "atlas": "",
    "rect": {
      "x": 35,
      "y": 48,
      "width": 129,
      "height": 702
    },
    "offset": {
      "x": 3.5,
      "y": -15
    },
    "originalSize": {
      "width": 192,
      "height": 768
    },
    "rotated": false,
    "capInsets": [
      0,
      0,
      0,
      0
    ],
    "vertices": {
      "rawPosition": [
        -64.5,
        -351,
        0,
        64.5,
        -351,
        0,
        -64.5,
        351,
        0,
        64.5,
        351,
        0
      ],
      "indexes": [
        0,
        1,
        2,
        2,
        1,
        3
      ],
      "uv": [
        35,
        720,
        164,
        720,
        35,
        18,
        164,
        18
      ],
      "nuv": [
        0.18229166666666666,
        0.0234375,
        0.8541666666666666,
        0.0234375,
        0.18229166666666666,
        0.9375,
        0.8541666666666666,
        0.9375
      ],
      "minPos": {
        "x": -64.5,
        "y": -351,
        "z": 0
      },
      "maxPos": {
        "x": 64.5,
        "y": 351,
        "z": 0
      }
    },
    "texture": "73d8cbf2-e95e-485f-b13a-976d8c6dc867@6c48a",
    "packable": true,
    "pixelsToUnit": 100,
    "pivot": {
      "x": 0.5,
      "y": 0.5
    },
    "meshType": 0
  }
}