{
  "__type__": "cc.SpriteFrame",
  "content": {
    "name": "btn_settle_default",
    "atlas": "",
    "rect": {
      "x": 17,
      "y": 5,
      "width": 206,
      "height": 66
    },
    "offset": {
      "x": 0,
      "y": 0
    },
    "originalSize": {
      "width": 240,
      "height": 76
    },
    "rotated": false,
    "capInsets": [
      0,
      0,
      0,
      0
    ],
    "vertices": {
      "rawPosition": [
        -103,
        -33,
        0,
        103,
        -33,
        0,
        -103,
        33,
        0,
        103,
        33,
        0
      ],
      "indexes": [
        0,
        1,
        2,
        2,
        1,
        3
      ],
      "uv": [
        17,
        71,
        223,
        71,
        17,
        5,
        223,
        5
      ],
      "nuv": [
        0.07083333333333333,
        0.06578947368421052,
        0.9291666666666667,
        0.06578947368421052,
        0.07083333333333333,
        0.9342105263157895,
        0.9291666666666667,
        0.9342105263157895
      ],
      "minPos": {
        "x": -103,
        "y": -33,
        "z": 0
      },
      "maxPos": {
        "x": 103,
        "y": 33,
        "z": 0
      }
    },
    "texture": "7bc2f112-c913-4f7d-9c87-dd54928c7a38@6c48a",
    "packable": true,
    "pixelsToUnit": 100,
    "pivot": {
      "x": 0.5,
      "y": 0.5
    },
    "meshType": 0
  }
}