{
  "__type__": "cc.SpriteFrame",
  "content": {
    "name": "boss_abyssoverlord_skill",
    "atlas": "",
    "rect": {
      "x": 12,
      "y": 19,
      "width": 232,
      "height": 217
    },
    "offset": {
      "x": 0,
      "y": 0.5
    },
    "originalSize": {
      "width": 256,
      "height": 256
    },
    "rotated": false,
    "capInsets": [
      0,
      0,
      0,
      0
    ],
    "vertices": {
      "rawPosition": [
        -116,
        -108.5,
        0,
        116,
        -108.5,
        0,
        -116,
        108.5,
        0,
        116,
        108.5,
        0
      ],
      "indexes": [
        0,
        1,
        2,
        2,
        1,
        3
      ],
      "uv": [
        12,
        237,
        244,
        237,
        12,
        20,
        244,
        20
      ],
      "nuv": [
        0.046875,
        0.078125,
        0.953125,
        0.078125,
        0.046875,
        0.92578125,
        0.953125,
        0.92578125
      ],
      "minPos": {
        "x": -116,
        "y": -108.5,
        "z": 0
      },
      "maxPos": {
        "x": 116,
        "y": 108.5,
        "z": 0
      }
    },
    "texture": "c925d00a-6db3-44db-9307-9e1035d4f9b5@6c48a",
    "packable": true,
    "pixelsToUnit": 100,
    "pivot": {
      "x": 0.5,
      "y": 0.5
    },
    "meshType": 0
  }
}