{
  "__type__": "cc.SpriteFrame",
  "content": {
    "name": "fx_reaction_melt",
    "atlas": "",
    "rect": {
      "x": 9,
      "y": 46,
      "width": 175,
      "height": 714
    },
    "offset": {
      "x": 0.5,
      "y": -19
    },
    "originalSize": {
      "width": 192,
      "height": 768
    },
    "rotated": false,
    "capInsets": [
      0,
      0,
      0,
      0
    ],
    "vertices": {
      "rawPosition": [
        -87.5,
        -357,
        0,
        87.5,
        -357,
        0,
        -87.5,
        357,
        0,
        87.5,
        357,
        0
      ],
      "indexes": [
        0,
        1,
        2,
        2,
        1,
        3
      ],
      "uv": [
        9,
        722,
        184,
        722,
        9,
        8,
        184,
        8
      ],
      "nuv": [
        0.046875,
        0.010416666666666666,
        0.9583333333333334,
        0.010416666666666666,
        0.046875,
        0.9401041666666666,
        0.9583333333333334,
        0.9401041666666666
      ],
      "minPos": {
        "x": -87.5,
        "y": -357,
        "z": 0
      },
      "maxPos": {
        "x": 87.5,
        "y": 357,
        "z": 0
      }
    },
    "texture": "c9ead224-2587-482a-a381-864a93bec25c@6c48a",
    "packable": true,
    "pixelsToUnit": 100,
    "pivot": {
      "x": 0.5,
      "y": 0.5
    },
    "meshType": 0
  }
}