{
  "__type__": "cc.SpriteFrame",
  "content": {
    "name": "icon_item_rerollscroll",
    "atlas": "",
    "rect": {
      "x": 27,
      "y": 21,
      "width": 138,
      "height": 150
    },
    "offset": {
      "x": 0,
      "y": 0
    },
    "originalSize": {
      "width": 192,
      "height": 192
    },
    "rotated": false,
    "capInsets": [
      0,
      0,
      0,
      0
    ],
    "vertices": {
      "rawPosition": [
        -69,
        -75,
        0,
        69,
        -75,
        0,
        -69,
        75,
        0,
        69,
        75,
        0
      ],
      "indexes": [
        0,
        1,
        2,
        2,
        1,
        3
      ],
      "uv": [
        27,
        171,
        165,
        171,
        27,
        21,
        165,
        21
      ],
      "nuv": [
        0.140625,
        0.109375,
        0.859375,
        0.109375,
        0.140625,
        0.890625,
        0.859375,
        0.890625
      ],
      "minPos": {
        "x": -69,
        "y": -75,
        "z": 0
      },
      "maxPos": {
        "x": 69,
        "y": 75,
        "z": 0
      }
    },
    "texture": "e7e7e767-bd93-4396-afe8-8689373227d8@6c48a",
    "packable": true,
    "pixelsToUnit": 100,
    "pivot": {
      "x": 0.5,
      "y": 0.5
    },
    "meshType": 0
  }
}