{
  "__type__": "cc.SpriteFrame",
  "content": {
    "name": "monster_catacombs_ghost_idle",
    "atlas": "",
    "rect": {
      "x": 13,
      "y": 0,
      "width": 165,
      "height": 192
    },
    "offset": {
      "x": -0.5,
      "y": 0
    },
    "originalSize": {
      "width": 192,
      "height": 192
    },
    "rotated": false,
    "capInsets": [
      0,
      0,
      0,
      0
    ],
    "vertices": {
      "rawPosition": [
        -82.5,
        -96,
        0,
        82.5,
        -96,
        0,
        -82.5,
        96,
        0,
        82.5,
        96,
        0
      ],
      "indexes": [
        0,
        1,
        2,
        2,
        1,
        3
      ],
      "uv": [
        13,
        192,
        178,
        192,
        13,
        0,
        178,
        0
      ],
      "nuv": [
        0.06770833333333333,
        0,
        0.9270833333333334,
        0,
        0.06770833333333333,
        1,
        0.9270833333333334,
        1
      ],
      "minPos": {
        "x": -82.5,
        "y": -96,
        "z": 0
      },
      "maxPos": {
        "x": 82.5,
        "y": 96,
        "z": 0
      }
    },
    "texture": "f10c4756-39fa-48cf-b6bb-44c05a739a49@6c48a",
    "packable": true,
    "pixelsToUnit": 100,
    "pivot": {
      "x": 0.5,
      "y": 0.5
    },
    "meshType": 0
  }
}