{
  "__type__": "cc.SpriteFrame",
  "content": {
    "name": "boss_lord_abyss_attack",
    "atlas": "",
    "rect": {
      "x": 12,
      "y": 18,
      "width": 232,
      "height": 220
    },
    "offset": {
      "x": 0,
      "y": 0
    },
    "originalSize": {
      "width": 256,
      "height": 256
    },
    "rotated": false,
    "capInsets": [
      0,
      0,
      0,
      0
    ],
    "vertices": {
      "rawPosition": [
        -116,
        -110,
        0,
        116,
        -110,
        0,
        -116,
        110,
        0,
        116,
        110,
        0
      ],
      "indexes": [
        0,
        1,
        2,
        2,
        1,
        3
      ],
      "uv": [
        12,
        238,
        244,
        238,
        12,
        18,
        244,
        18
      ],
      "nuv": [
        0.046875,
        0.0703125,
        0.953125,
        0.0703125,
        0.046875,
        0.9296875,
        0.953125,
        0.9296875
      ],
      "minPos": {
        "x": -116,
        "y": -110,
        "z": 0
      },
      "maxPos": {
        "x": 116,
        "y": 110,
        "z": 0
      }
    },
    "texture": "53ca843f-e2f4-4f41-9ba6-4a8df34e81b0@6c48a",
    "packable": true,
    "pixelsToUnit": 100,
    "pivot": {
      "x": 0.5,
      "y": 0.5
    },
    "meshType": 0
  }
}