{
  "__type__": "cc.SpriteFrame",
  "content": {
    "name": "monster_abyss_abysslordelite_idle",
    "atlas": "",
    "rect": {
      "x": 25,
      "y": 0,
      "width": 141,
      "height": 192
    },
    "offset": {
      "x": -0.5,
      "y": 0
    },
    "originalSize": {
      "width": 192,
      "height": 192
    },
    "rotated": false,
    "capInsets": [
      0,
      0,
      0,
      0
    ],
    "vertices": {
      "rawPosition": [
        -70.5,
        -96,
        0,
        70.5,
        -96,
        0,
        -70.5,
        96,
        0,
        70.5,
        96,
        0
      ],
      "indexes": [
        0,
        1,
        2,
        2,
        1,
        3
      ],
      "uv": [
        25,
        192,
        166,
        192,
        25,
        0,
        166,
        0
      ],
      "nuv": [
        0.13020833333333334,
        0,
        0.8645833333333334,
        0,
        0.13020833333333334,
        1,
        0.8645833333333334,
        1
      ],
      "minPos": {
        "x": -70.5,
        "y": -96,
        "z": 0
      },
      "maxPos": {
        "x": 70.5,
        "y": 96,
        "z": 0
      }
    },
    "texture": "3ff3b915-f370-4183-8cda-a8cbe7740575@6c48a",
    "packable": true,
    "pixelsToUnit": 100,
    "pivot": {
      "x": 0.5,
      "y": 0.5
    },
    "meshType": 0
  }
}