{
  "__type__": "cc.SpriteFrame",
  "content": {
    "name": "icon_relic_shadowcloak",
    "atlas": "",
    "rect": {
      "x": 21,
      "y": 26,
      "width": 150,
      "height": 140
    },
    "offset": {
      "x": 0,
      "y": 0
    },
    "originalSize": {
      "width": 192,
      "height": 192
    },
    "rotated": false,
    "capInsets": [
      0,
      0,
      0,
      0
    ],
    "vertices": {
      "rawPosition": [
        -75,
        -70,
        0,
        75,
        -70,
        0,
        -75,
        70,
        0,
        75,
        70,
        0
      ],
      "indexes": [
        0,
        1,
        2,
        2,
        1,
        3
      ],
      "uv": [
        21,
        166,
        171,
        166,
        21,
        26,
        171,
        26
      ],
      "nuv": [
        0.109375,
        0.13541666666666666,
        0.890625,
        0.13541666666666666,
        0.109375,
        0.8645833333333334,
        0.890625,
        0.8645833333333334
      ],
      "minPos": {
        "x": -75,
        "y": -70,
        "z": 0
      },
      "maxPos": {
        "x": 75,
        "y": 70,
        "z": 0
      }
    },
    "texture": "fef9016d-0e03-4f69-b9a5-677b5a804872@6c48a",
    "packable": true,
    "pixelsToUnit": 100,
    "pivot": {
      "x": 0.5,
      "y": 0.5
    },
    "meshType": 0
  }
}