{
  "__type__": "cc.SpriteFrame",
  "content": {
    "name": "boss_skeletonlord_attack",
    "atlas": "",
    "rect": {
      "x": 13,
      "y": 12,
      "width": 229,
      "height": 232
    },
    "offset": {
      "x": -0.5,
      "y": 0
    },
    "originalSize": {
      "width": 256,
      "height": 256
    },
    "rotated": false,
    "capInsets": [
      0,
      0,
      0,
      0
    ],
    "vertices": {
      "rawPosition": [
        -114.5,
        -116,
        0,
        114.5,
        -116,
        0,
        -114.5,
        116,
        0,
        114.5,
        116,
        0
      ],
      "indexes": [
        0,
        1,
        2,
        2,
        1,
        3
      ],
      "uv": [
        13,
        244,
        242,
        244,
        13,
        12,
        242,
        12
      ],
      "nuv": [
        0.05078125,
        0.046875,
        0.9453125,
        0.046875,
        0.05078125,
        0.953125,
        0.9453125,
        0.953125
      ],
      "minPos": {
        "x": -114.5,
        "y": -116,
        "z": 0
      },
      "maxPos": {
        "x": 114.5,
        "y": 116,
        "z": 0
      }
    },
    "texture": "ade04b01-c966-4674-96e1-99531ea6761f@6c48a",
    "packable": true,
    "pixelsToUnit": 100,
    "pivot": {
      "x": 0.5,
      "y": 0.5
    },
    "meshType": 0
  }
}