{
  "__type__": "cc.SpriteFrame",
  "content": {
    "name": "boss_beast_swamp_idle",
    "atlas": "",
    "rect": {
      "x": 16,
      "y": 12,
      "width": 223,
      "height": 232
    },
    "offset": {
      "x": -0.5,
      "y": 0
    },
    "originalSize": {
      "width": 256,
      "height": 256
    },
    "rotated": false,
    "capInsets": [
      0,
      0,
      0,
      0
    ],
    "vertices": {
      "rawPosition": [
        -111.5,
        -116,
        0,
        111.5,
        -116,
        0,
        -111.5,
        116,
        0,
        111.5,
        116,
        0
      ],
      "indexes": [
        0,
        1,
        2,
        2,
        1,
        3
      ],
      "uv": [
        16,
        244,
        239,
        244,
        16,
        12,
        239,
        12
      ],
      "nuv": [
        0.0625,
        0.046875,
        0.93359375,
        0.046875,
        0.0625,
        0.953125,
        0.93359375,
        0.953125
      ],
      "minPos": {
        "x": -111.5,
        "y": -116,
        "z": 0
      },
      "maxPos": {
        "x": 111.5,
        "y": 116,
        "z": 0
      }
    },
    "texture": "84d7044f-ce52-4e66-8c32-e03d995d38f8@6c48a",
    "packable": true,
    "pixelsToUnit": 100,
    "pivot": {
      "x": 0.5,
      "y": 0.5
    },
    "meshType": 0
  }
}