{
  "__type__": "cc.SpriteFrame",
  "content": {
    "name": "monster_forest_slime_idle",
    "atlas": "",
    "rect": {
      "x": 0,
      "y": 6,
      "width": 191,
      "height": 179
    },
    "offset": {
      "x": -0.5,
      "y": 0.5
    },
    "originalSize": {
      "width": 192,
      "height": 192
    },
    "rotated": false,
    "capInsets": [
      0,
      0,
      0,
      0
    ],
    "vertices": {
      "rawPosition": [
        -95.5,
        -89.5,
        0,
        95.5,
        -89.5,
        0,
        -95.5,
        89.5,
        0,
        95.5,
        89.5,
        0
      ],
      "indexes": [
        0,
        1,
        2,
        2,
        1,
        3
      ],
      "uv": [
        0,
        186,
        191,
        186,
        0,
        7,
        191,
        7
      ],
      "nuv": [
        0,
        0.036458333333333336,
        0.9947916666666666,
        0.036458333333333336,
        0,
        0.96875,
        0.9947916666666666,
        0.96875
      ],
      "minPos": {
        "x": -95.5,
        "y": -89.5,
        "z": 0
      },
      "maxPos": {
        "x": 95.5,
        "y": 89.5,
        "z": 0
      }
    },
    "texture": "dc38873e-72f7-4d0f-8c8e-c5de54b6a684@6c48a",
    "packable": true,
    "pixelsToUnit": 100,
    "pivot": {
      "x": 0.5,
      "y": 0.5
    },
    "meshType": 0
  }
}