{
  "__type__": "cc.SpriteFrame",
  "content": {
    "name": "boss_lord_catacombs_idle",
    "atlas": "",
    "rect": {
      "x": 12,
      "y": 14,
      "width": 232,
      "height": 228
    },
    "offset": {
      "x": 0,
      "y": 0
    },
    "originalSize": {
      "width": 256,
      "height": 256
    },
    "rotated": false,
    "capInsets": [
      0,
      0,
      0,
      0
    ],
    "vertices": {
      "rawPosition": [
        -116,
        -114,
        0,
        116,
        -114,
        0,
        -116,
        114,
        0,
        116,
        114,
        0
      ],
      "indexes": [
        0,
        1,
        2,
        2,
        1,
        3
      ],
      "uv": [
        12,
        242,
        244,
        242,
        12,
        14,
        244,
        14
      ],
      "nuv": [
        0.046875,
        0.0546875,
        0.953125,
        0.0546875,
        0.046875,
        0.9453125,
        0.953125,
        0.9453125
      ],
      "minPos": {
        "x": -116,
        "y": -114,
        "z": 0
      },
      "maxPos": {
        "x": 116,
        "y": 114,
        "z": 0
      }
    },
    "texture": "dca346b6-10d7-4a3f-b8e7-899f63aca4ec@6c48a",
    "packable": true,
    "pixelsToUnit": 100,
    "pivot": {
      "x": 0.5,
      "y": 0.5
    },
    "meshType": 0
  }
}