{
  "__type__": "cc.SpriteFrame",
  "content": {
    "name": "monster_abyss_shadowdemon_idle",
    "atlas": "",
    "rect": {
      "x": 4,
      "y": 0,
      "width": 184,
      "height": 192
    },
    "offset": {
      "x": 0,
      "y": 0
    },
    "originalSize": {
      "width": 192,
      "height": 192
    },
    "rotated": false,
    "capInsets": [
      0,
      0,
      0,
      0
    ],
    "vertices": {
      "rawPosition": [
        -92,
        -96,
        0,
        92,
        -96,
        0,
        -92,
        96,
        0,
        92,
        96,
        0
      ],
      "indexes": [
        0,
        1,
        2,
        2,
        1,
        3
      ],
      "uv": [
        4,
        192,
        188,
        192,
        4,
        0,
        188,
        0
      ],
      "nuv": [
        0.020833333333333332,
        0,
        0.9791666666666666,
        0,
        0.020833333333333332,
        1,
        0.9791666666666666,
        1
      ],
      "minPos": {
        "x": -92,
        "y": -96,
        "z": 0
      },
      "maxPos": {
        "x": 92,
        "y": 96,
        "z": 0
      }
    },
    "texture": "1b2a0758-db34-44ce-bfa7-3a0d5743edf2@6c48a",
    "packable": true,
    "pixelsToUnit": 100,
    "pivot": {
      "x": 0.5,
      "y": 0.5
    },
    "meshType": 0
  }
}