{
  "__type__": "cc.SpriteFrame",
  "content": {
    "name": "icon_coin",
    "atlas": "",
    "rect": {
      "x": 8,
      "y": 8,
      "width": 81,
      "height": 81
    },
    "offset": {
      "x": 0.5,
      "y": -0.5
    },
    "originalSize": {
      "width": 96,
      "height": 96
    },
    "rotated": false,
    "capInsets": [
      0,
      0,
      0,
      0
    ],
    "vertices": {
      "rawPosition": [
        -40.5,
        -40.5,
        0,
        40.5,
        -40.5,
        0,
        -40.5,
        40.5,
        0,
        40.5,
        40.5,
        0
      ],
      "indexes": [
        0,
        1,
        2,
        2,
        1,
        3
      ],
      "uv": [
        8,
        88,
        89,
        88,
        8,
        7,
        89,
        7
      ],
      "nuv": [
        0.08333333333333333,
        0.07291666666666667,
        0.9270833333333334,
        0.07291666666666667,
        0.08333333333333333,
        0.9166666666666666,
        0.9270833333333334,
        0.9166666666666666
      ],
      "minPos": {
        "x": -40.5,
        "y": -40.5,
        "z": 0
      },
      "maxPos": {
        "x": 40.5,
        "y": 40.5,
        "z": 0
      }
    },
    "texture": "1b7d9e5c-b203-40e2-bc60-75b930ca5d26@6c48a",
    "packable": true,
    "pixelsToUnit": 100,
    "pivot": {
      "x": 0.5,
      "y": 0.5
    },
    "meshType": 0
  }
}