{
  "__type__": "cc.SpriteFrame",
  "content": {
    "name": "btn_active",
    "atlas": "",
    "rect": {
      "x": 65,
      "y": 2,
      "width": 69,
      "height": 56
    },
    "offset": {
      "x": -0.5,
      "y": 0
    },
    "originalSize": {
      "width": 200,
      "height": 60
    },
    "rotated": false,
    "capInsets": [
      0,
      0,
      0,
      0
    ],
    "vertices": {
      "rawPosition": [
        -34.5,
        -28,
        0,
        34.5,
        -28,
        0,
        -34.5,
        28,
        0,
        34.5,
        28,
        0
      ],
      "indexes": [
        0,
        1,
        2,
        2,
        1,
        3
      ],
      "uv": [
        65,
        58,
        134,
        58,
        65,
        2,
        134,
        2
      ],
      "nuv": [
        0.325,
        0.03333333333333333,
        0.67,
        0.03333333333333333,
        0.325,
        0.9666666666666667,
        0.67,
        0.9666666666666667
      ],
      "minPos": {
        "x": -34.5,
        "y": -28,
        "z": 0
      },
      "maxPos": {
        "x": 34.5,
        "y": 28,
        "z": 0
      }
    },
    "texture": "df561b3c-868a-434c-8c76-bf0d32e6c525@6c48a",
    "packable": true,
    "pixelsToUnit": 100,
    "pivot": {
      "x": 0.5,
      "y": 0.5
    },
    "meshType": 0
  }
}