{
  "__type__": "cc.SpriteFrame",
  "content": {
    "name": "miniboss_swampfrog_idle",
    "atlas": "",
    "rect": {
      "x": 18,
      "y": 9,
      "width": 155,
      "height": 174
    },
    "offset": {
      "x": -0.5,
      "y": 0
    },
    "originalSize": {
      "width": 192,
      "height": 192
    },
    "rotated": false,
    "capInsets": [
      0,
      0,
      0,
      0
    ],
    "vertices": {
      "rawPosition": [
        -77.5,
        -87,
        0,
        77.5,
        -87,
        0,
        -77.5,
        87,
        0,
        77.5,
        87,
        0
      ],
      "indexes": [
        0,
        1,
        2,
        2,
        1,
        3
      ],
      "uv": [
        18,
        183,
        173,
        183,
        18,
        9,
        173,
        9
      ],
      "nuv": [
        0.09375,
        0.046875,
        0.9010416666666666,
        0.046875,
        0.09375,
        0.953125,
        0.9010416666666666,
        0.953125
      ],
      "minPos": {
        "x": -77.5,
        "y": -87,
        "z": 0
      },
      "maxPos": {
        "x": 77.5,
        "y": 87,
        "z": 0
      }
    },
    "texture": "df850bc1-5d9c-4521-8df3-aeb3214797f1@6c48a",
    "packable": true,
    "pixelsToUnit": 100,
    "pivot": {
      "x": 0.5,
      "y": 0.5
    },
    "meshType": 0
  }
}