{
  "__type__": "cc.SpriteFrame",
  "content": {
    "name": "btn_hover",
    "atlas": "",
    "rect": {
      "x": 62,
      "y": 2,
      "width": 75,
      "height": 56
    },
    "offset": {
      "x": -0.5,
      "y": 0
    },
    "originalSize": {
      "width": 200,
      "height": 60
    },
    "rotated": false,
    "capInsets": [
      0,
      0,
      0,
      0
    ],
    "vertices": {
      "rawPosition": [
        -37.5,
        -28,
        0,
        37.5,
        -28,
        0,
        -37.5,
        28,
        0,
        37.5,
        28,
        0
      ],
      "indexes": [
        0,
        1,
        2,
        2,
        1,
        3
      ],
      "uv": [
        62,
        58,
        137,
        58,
        62,
        2,
        137,
        2
      ],
      "nuv": [
        0.31,
        0.03333333333333333,
        0.685,
        0.03333333333333333,
        0.31,
        0.9666666666666667,
        0.685,
        0.9666666666666667
      ],
      "minPos": {
        "x": -37.5,
        "y": -28,
        "z": 0
      },
      "maxPos": {
        "x": 37.5,
        "y": 28,
        "z": 0
      }
    },
    "texture": "cf3122b7-2b02-49a7-8314-68b46307f683@6c48a",
    "packable": true,
    "pixelsToUnit": 100,
    "pivot": {
      "x": 0.5,
      "y": 0.5
    },
    "meshType": 0
  }
}