{
  "__type__": "cc.SpriteFrame",
  "content": {
    "name": "fx_crit",
    "atlas": "",
    "rect": {
      "x": 1,
      "y": 56,
      "width": 191,
      "height": 1096
    },
    "offset": {
      "x": 0.5,
      "y": -28
    },
    "originalSize": {
      "width": 192,
      "height": 1152
    },
    "rotated": false,
    "capInsets": [
      0,
      0,
      0,
      0
    ],
    "vertices": {
      "rawPosition": [
        -95.5,
        -548,
        0,
        95.5,
        -548,
        0,
        -95.5,
        548,
        0,
        95.5,
        548,
        0
      ],
      "indexes": [
        0,
        1,
        2,
        2,
        1,
        3
      ],
      "uv": [
        1,
        1096,
        192,
        1096,
        1,
        0,
        192,
        0
      ],
      "nuv": [
        0.005208333333333333,
        0,
        1,
        0,
        0.005208333333333333,
        0.9513888888888888,
        1,
        0.9513888888888888
      ],
      "minPos": {
        "x": -95.5,
        "y": -548,
        "z": 0
      },
      "maxPos": {
        "x": 95.5,
        "y": 548,
        "z": 0
      }
    },
    "texture": "12587ba2-cf65-49dc-be50-b3750dbcb85f@6c48a",
    "packable": true,
    "pixelsToUnit": 100,
    "pivot": {
      "x": 0.5,
      "y": 0.5
    },
    "meshType": 0
  }
}