{
  "__type__": "cc.SpriteFrame",
  "content": {
    "name": "monster_tundra_snowwolf_idle",
    "atlas": "",
    "rect": {
      "x": 21,
      "y": 0,
      "width": 150,
      "height": 191
    },
    "offset": {
      "x": 0,
      "y": 0.5
    },
    "originalSize": {
      "width": 192,
      "height": 192
    },
    "rotated": false,
    "capInsets": [
      0,
      0,
      0,
      0
    ],
    "vertices": {
      "rawPosition": [
        -75,
        -95.5,
        0,
        75,
        -95.5,
        0,
        -75,
        95.5,
        0,
        75,
        95.5,
        0
      ],
      "indexes": [
        0,
        1,
        2,
        2,
        1,
        3
      ],
      "uv": [
        21,
        192,
        171,
        192,
        21,
        1,
        171,
        1
      ],
      "nuv": [
        0.109375,
        0.005208333333333333,
        0.890625,
        0.005208333333333333,
        0.109375,
        1,
        0.890625,
        1
      ],
      "minPos": {
        "x": -75,
        "y": -95.5,
        "z": 0
      },
      "maxPos": {
        "x": 75,
        "y": 95.5,
        "z": 0
      }
    },
    "texture": "4ab5af45-e222-439d-b103-192e91fac4de@6c48a",
    "packable": true,
    "pixelsToUnit": 100,
    "pivot": {
      "x": 0.5,
      "y": 0.5
    },
    "meshType": 0
  }
}