{
  "__type__": "cc.SpriteFrame",
  "content": {
    "name": "icon_relic_immortalstone",
    "atlas": "",
    "rect": {
      "x": 36,
      "y": 21,
      "width": 119,
      "height": 150
    },
    "offset": {
      "x": -0.5,
      "y": 0
    },
    "originalSize": {
      "width": 192,
      "height": 192
    },
    "rotated": false,
    "capInsets": [
      0,
      0,
      0,
      0
    ],
    "vertices": {
      "rawPosition": [
        -59.5,
        -75,
        0,
        59.5,
        -75,
        0,
        -59.5,
        75,
        0,
        59.5,
        75,
        0
      ],
      "indexes": [
        0,
        1,
        2,
        2,
        1,
        3
      ],
      "uv": [
        36,
        171,
        155,
        171,
        36,
        21,
        155,
        21
      ],
      "nuv": [
        0.1875,
        0.109375,
        0.8072916666666666,
        0.109375,
        0.1875,
        0.890625,
        0.8072916666666666,
        0.890625
      ],
      "minPos": {
        "x": -59.5,
        "y": -75,
        "z": 0
      },
      "maxPos": {
        "x": 59.5,
        "y": 75,
        "z": 0
      }
    },
    "texture": "3b99368d-1606-44d2-b226-033651a1d865@6c48a",
    "packable": true,
    "pixelsToUnit": 100,
    "pivot": {
      "x": 0.5,
      "y": 0.5
    },
    "meshType": 0
  }
}