{
  "__type__": "cc.SpriteFrame",
  "content": {
    "name": "boss_queen_tundra_skill",
    "atlas": "",
    "rect": {
      "x": 36,
      "y": 12,
      "width": 184,
      "height": 232
    },
    "offset": {
      "x": 0,
      "y": 0
    },
    "originalSize": {
      "width": 256,
      "height": 256
    },
    "rotated": false,
    "capInsets": [
      0,
      0,
      0,
      0
    ],
    "vertices": {
      "rawPosition": [
        -92,
        -116,
        0,
        92,
        -116,
        0,
        -92,
        116,
        0,
        92,
        116,
        0
      ],
      "indexes": [
        0,
        1,
        2,
        2,
        1,
        3
      ],
      "uv": [
        36,
        244,
        220,
        244,
        36,
        12,
        220,
        12
      ],
      "nuv": [
        0.140625,
        0.046875,
        0.859375,
        0.046875,
        0.140625,
        0.953125,
        0.859375,
        0.953125
      ],
      "minPos": {
        "x": -92,
        "y": -116,
        "z": 0
      },
      "maxPos": {
        "x": 92,
        "y": 116,
        "z": 0
      }
    },
    "texture": "9e24bf32-916c-459a-bb75-473aed9d2be1@6c48a",
    "packable": true,
    "pixelsToUnit": 100,
    "pivot": {
      "x": 0.5,
      "y": 0.5
    },
    "meshType": 0
  }
}