{
  "__type__": "cc.SpriteFrame",
  "content": {
    "name": "icon_element_holy",
    "atlas": "",
    "rect": {
      "x": 21,
      "y": 22,
      "width": 150,
      "height": 148
    },
    "offset": {
      "x": 0,
      "y": 0
    },
    "originalSize": {
      "width": 192,
      "height": 192
    },
    "rotated": false,
    "capInsets": [
      0,
      0,
      0,
      0
    ],
    "vertices": {
      "rawPosition": [
        -75,
        -74,
        0,
        75,
        -74,
        0,
        -75,
        74,
        0,
        75,
        74,
        0
      ],
      "indexes": [
        0,
        1,
        2,
        2,
        1,
        3
      ],
      "uv": [
        21,
        170,
        171,
        170,
        21,
        22,
        171,
        22
      ],
      "nuv": [
        0.109375,
        0.11458333333333333,
        0.890625,
        0.11458333333333333,
        0.109375,
        0.8854166666666666,
        0.890625,
        0.8854166666666666
      ],
      "minPos": {
        "x": -75,
        "y": -74,
        "z": 0
      },
      "maxPos": {
        "x": 75,
        "y": 74,
        "z": 0
      }
    },
    "texture": "9e8f5dec-794a-4ae2-87fb-f87c4944450e@6c48a",
    "packable": true,
    "pixelsToUnit": 100,
    "pivot": {
      "x": 0.5,
      "y": 0.5
    },
    "meshType": 0
  }
}