{
  "__type__": "cc.SpriteFrame",
  "content": {
    "name": "icon_relic_ironarmor",
    "atlas": "",
    "rect": {
      "x": 12,
      "y": 10,
      "width": 232,
      "height": 236
    },
    "offset": {
      "x": 0,
      "y": 0
    },
    "originalSize": {
      "width": 256,
      "height": 256
    },
    "rotated": false,
    "capInsets": [
      0,
      0,
      0,
      0
    ],
    "vertices": {
      "rawPosition": [
        -116,
        -118,
        0,
        116,
        -118,
        0,
        -116,
        118,
        0,
        116,
        118,
        0
      ],
      "indexes": [
        0,
        1,
        2,
        2,
        1,
        3
      ],
      "uv": [
        12,
        246,
        244,
        246,
        12,
        10,
        244,
        10
      ],
      "nuv": [
        0.046875,
        0.0390625,
        0.953125,
        0.0390625,
        0.046875,
        0.9609375,
        0.953125,
        0.9609375
      ],
      "minPos": {
        "x": -116,
        "y": -118,
        "z": 0
      },
      "maxPos": {
        "x": 116,
        "y": 118,
        "z": 0
      }
    },
    "texture": "9eb52bed-6693-4c56-9661-721a8982a1db@6c48a",
    "packable": true,
    "pixelsToUnit": 100,
    "pivot": {
      "x": 0.5,
      "y": 0.5
    },
    "meshType": 0
  }
}