{
  "__type__": "cc.SpriteFrame",
  "content": {
    "name": "monster_catacombs_ghoul_idle",
    "atlas": "",
    "rect": {
      "x": 0,
      "y": 5,
      "width": 192,
      "height": 181
    },
    "offset": {
      "x": 0,
      "y": 0.5
    },
    "originalSize": {
      "width": 192,
      "height": 192
    },
    "rotated": false,
    "capInsets": [
      0,
      0,
      0,
      0
    ],
    "vertices": {
      "rawPosition": [
        -96,
        -90.5,
        0,
        96,
        -90.5,
        0,
        -96,
        90.5,
        0,
        96,
        90.5,
        0
      ],
      "indexes": [
        0,
        1,
        2,
        2,
        1,
        3
      ],
      "uv": [
        0,
        187,
        192,
        187,
        0,
        6,
        192,
        6
      ],
      "nuv": [
        0,
        0.03125,
        1,
        0.03125,
        0,
        0.9739583333333334,
        1,
        0.9739583333333334
      ],
      "minPos": {
        "x": -96,
        "y": -90.5,
        "z": 0
      },
      "maxPos": {
        "x": 96,
        "y": 90.5,
        "z": 0
      }
    },
    "texture": "78768aaa-1069-4f87-ab16-2b3a7053230c@6c48a",
    "packable": true,
    "pixelsToUnit": 100,
    "pivot": {
      "x": 0.5,
      "y": 0.5
    },
    "meshType": 0
  }
}