{
  "__type__": "cc.SpriteFrame",
  "content": {
    "name": "miniboss_voidlord_idle",
    "atlas": "",
    "rect": {
      "x": 38,
      "y": 9,
      "width": 115,
      "height": 174
    },
    "offset": {
      "x": -0.5,
      "y": 0
    },
    "originalSize": {
      "width": 192,
      "height": 192
    },
    "rotated": false,
    "capInsets": [
      0,
      0,
      0,
      0
    ],
    "vertices": {
      "rawPosition": [
        -57.5,
        -87,
        0,
        57.5,
        -87,
        0,
        -57.5,
        87,
        0,
        57.5,
        87,
        0
      ],
      "indexes": [
        0,
        1,
        2,
        2,
        1,
        3
      ],
      "uv": [
        38,
        183,
        153,
        183,
        38,
        9,
        153,
        9
      ],
      "nuv": [
        0.19791666666666666,
        0.046875,
        0.796875,
        0.046875,
        0.19791666666666666,
        0.953125,
        0.796875,
        0.953125
      ],
      "minPos": {
        "x": -57.5,
        "y": -87,
        "z": 0
      },
      "maxPos": {
        "x": 57.5,
        "y": 87,
        "z": 0
      }
    },
    "texture": "78e784de-01fc-41de-b489-4fee04c26207@6c48a",
    "packable": true,
    "pixelsToUnit": 100,
    "pivot": {
      "x": 0.5,
      "y": 0.5
    },
    "meshType": 0
  }
}