{
  "__type__": "cc.SpriteFrame",
  "content": {
    "name": "icon_ability_shieldreflect",
    "atlas": "",
    "rect": {
      "x": 10,
      "y": 18,
      "width": 236,
      "height": 220
    },
    "offset": {
      "x": 0,
      "y": 0
    },
    "originalSize": {
      "width": 256,
      "height": 256
    },
    "rotated": false,
    "capInsets": [
      0,
      0,
      0,
      0
    ],
    "vertices": {
      "rawPosition": [
        -118,
        -110,
        0,
        118,
        -110,
        0,
        -118,
        110,
        0,
        118,
        110,
        0
      ],
      "indexes": [
        0,
        1,
        2,
        2,
        1,
        3
      ],
      "uv": [
        10,
        238,
        246,
        238,
        10,
        18,
        246,
        18
      ],
      "nuv": [
        0.0390625,
        0.0703125,
        0.9609375,
        0.0703125,
        0.0390625,
        0.9296875,
        0.9609375,
        0.9296875
      ],
      "minPos": {
        "x": -118,
        "y": -110,
        "z": 0
      },
      "maxPos": {
        "x": 118,
        "y": 110,
        "z": 0
      }
    },
    "texture": "365b77fb-b790-4899-b8d9-30958d815a76@6c48a",
    "packable": true,
    "pixelsToUnit": 100,
    "pivot": {
      "x": 0.5,
      "y": 0.5
    },
    "meshType": 0
  }
}