{
  "__type__": "cc.SpriteFrame",
  "content": {
    "name": "item_map",
    "atlas": "",
    "rect": {
      "x": 21,
      "y": 32,
      "width": 150,
      "height": 127
    },
    "offset": {
      "x": 0,
      "y": 0.5
    },
    "originalSize": {
      "width": 192,
      "height": 192
    },
    "rotated": false,
    "capInsets": [
      0,
      0,
      0,
      0
    ],
    "vertices": {
      "rawPosition": [
        -75,
        -63.5,
        0,
        75,
        -63.5,
        0,
        -75,
        63.5,
        0,
        75,
        63.5,
        0
      ],
      "indexes": [
        0,
        1,
        2,
        2,
        1,
        3
      ],
      "uv": [
        21,
        160,
        171,
        160,
        21,
        33,
        171,
        33
      ],
      "nuv": [
        0.109375,
        0.171875,
        0.890625,
        0.171875,
        0.109375,
        0.8333333333333334,
        0.890625,
        0.8333333333333334
      ],
      "minPos": {
        "x": -75,
        "y": -63.5,
        "z": 0
      },
      "maxPos": {
        "x": 75,
        "y": 63.5,
        "z": 0
      }
    },
    "texture": "b553809a-13de-4e25-b4cc-3f8cb2874209@6c48a",
    "packable": true,
    "pixelsToUnit": 100,
    "pivot": {
      "x": 0.5,
      "y": 0.5
    },
    "meshType": 0
  }
}