{
  "__type__": "cc.SpriteFrame",
  "content": {
    "name": "item_key",
    "atlas": "",
    "rect": {
      "x": 53,
      "y": 21,
      "width": 85,
      "height": 150
    },
    "offset": {
      "x": -0.5,
      "y": 0
    },
    "originalSize": {
      "width": 192,
      "height": 192
    },
    "rotated": false,
    "capInsets": [
      0,
      0,
      0,
      0
    ],
    "vertices": {
      "rawPosition": [
        -42.5,
        -75,
        0,
        42.5,
        -75,
        0,
        -42.5,
        75,
        0,
        42.5,
        75,
        0
      ],
      "indexes": [
        0,
        1,
        2,
        2,
        1,
        3
      ],
      "uv": [
        53,
        171,
        138,
        171,
        53,
        21,
        138,
        21
      ],
      "nuv": [
        0.2760416666666667,
        0.109375,
        0.71875,
        0.109375,
        0.2760416666666667,
        0.890625,
        0.71875,
        0.890625
      ],
      "minPos": {
        "x": -42.5,
        "y": -75,
        "z": 0
      },
      "maxPos": {
        "x": 42.5,
        "y": 75,
        "z": 0
      }
    },
    "texture": "b58d26e4-56ad-4c1f-9917-9066ba07412d@6c48a",
    "packable": true,
    "pixelsToUnit": 100,
    "pivot": {
      "x": 0.5,
      "y": 0.5
    },
    "meshType": 0
  }
}