{
  "__type__": "cc.SpriteFrame",
  "content": {
    "name": "boss_swampbehemoth_phasechange",
    "atlas": "",
    "rect": {
      "x": 5,
      "y": 4,
      "width": 85,
      "height": 88
    },
    "offset": {
      "x": -0.5,
      "y": 0
    },
    "originalSize": {
      "width": 96,
      "height": 96
    },
    "rotated": false,
    "capInsets": [
      0,
      0,
      0,
      0
    ],
    "vertices": {
      "rawPosition": [
        -42.5,
        -44,
        0,
        42.5,
        -44,
        0,
        -42.5,
        44,
        0,
        42.5,
        44,
        0
      ],
      "indexes": [
        0,
        1,
        2,
        2,
        1,
        3
      ],
      "uv": [
        5,
        92,
        90,
        92,
        5,
        4,
        90,
        4
      ],
      "nuv": [
        0.052083333333333336,
        0.041666666666666664,
        0.9375,
        0.041666666666666664,
        0.052083333333333336,
        0.9583333333333334,
        0.9375,
        0.9583333333333334
      ],
      "minPos": {
        "x": -42.5,
        "y": -44,
        "z": 0
      },
      "maxPos": {
        "x": 42.5,
        "y": 44,
        "z": 0
      }
    },
    "texture": "b5f28645-a2a0-48c1-919c-7c3023ff0fff@6c48a",
    "packable": true,
    "pixelsToUnit": 100,
    "pivot": {
      "x": 0.5,
      "y": 0.5
    },
    "meshType": 0
  }
}