{
  "__type__": "cc.SpriteFrame",
  "content": {
    "name": "boss_abyssoverlord_phasechange",
    "atlas": "",
    "rect": {
      "x": 11,
      "y": 4,
      "width": 74,
      "height": 88
    },
    "offset": {
      "x": 0,
      "y": 0
    },
    "originalSize": {
      "width": 96,
      "height": 96
    },
    "rotated": false,
    "capInsets": [
      0,
      0,
      0,
      0
    ],
    "vertices": {
      "rawPosition": [
        -37,
        -44,
        0,
        37,
        -44,
        0,
        -37,
        44,
        0,
        37,
        44,
        0
      ],
      "indexes": [
        0,
        1,
        2,
        2,
        1,
        3
      ],
      "uv": [
        11,
        92,
        85,
        92,
        11,
        4,
        85,
        4
      ],
      "nuv": [
        0.11458333333333333,
        0.041666666666666664,
        0.8854166666666666,
        0.041666666666666664,
        0.11458333333333333,
        0.9583333333333334,
        0.8854166666666666,
        0.9583333333333334
      ],
      "minPos": {
        "x": -37,
        "y": -44,
        "z": 0
      },
      "maxPos": {
        "x": 37,
        "y": 44,
        "z": 0
      }
    },
    "texture": "c32b5b3d-6a2e-4cbd-9d09-8d233ce18f93@6c48a",
    "packable": true,
    "pixelsToUnit": 100,
    "pivot": {
      "x": 0.5,
      "y": 0.5
    },
    "meshType": 0
  }
}