{
  "__type__": "cc.SpriteFrame",
  "content": {
    "name": "miniboss_polarbearking_idle",
    "atlas": "",
    "rect": {
      "x": 21,
      "y": 9,
      "width": 149,
      "height": 174
    },
    "offset": {
      "x": -0.5,
      "y": 0
    },
    "originalSize": {
      "width": 192,
      "height": 192
    },
    "rotated": false,
    "capInsets": [
      0,
      0,
      0,
      0
    ],
    "vertices": {
      "rawPosition": [
        -74.5,
        -87,
        0,
        74.5,
        -87,
        0,
        -74.5,
        87,
        0,
        74.5,
        87,
        0
      ],
      "indexes": [
        0,
        1,
        2,
        2,
        1,
        3
      ],
      "uv": [
        21,
        183,
        170,
        183,
        21,
        9,
        170,
        9
      ],
      "nuv": [
        0.109375,
        0.046875,
        0.8854166666666666,
        0.046875,
        0.109375,
        0.953125,
        0.8854166666666666,
        0.953125
      ],
      "minPos": {
        "x": -74.5,
        "y": -87,
        "z": 0
      },
      "maxPos": {
        "x": 74.5,
        "y": 87,
        "z": 0
      }
    },
    "texture": "168795df-8020-4c9b-8a8f-db91770a7707@6c48a",
    "packable": true,
    "pixelsToUnit": 100,
    "pivot": {
      "x": 0.5,
      "y": 0.5
    },
    "meshType": 0
  }
}