{
  "__type__": "cc.SpriteFrame",
  "content": {
    "name": "fx_shield",
    "atlas": "",
    "rect": {
      "x": 9,
      "y": 40,
      "width": 175,
      "height": 1104
    },
    "offset": {
      "x": 0.5,
      "y": -16
    },
    "originalSize": {
      "width": 192,
      "height": 1152
    },
    "rotated": false,
    "capInsets": [
      0,
      0,
      0,
      0
    ],
    "vertices": {
      "rawPosition": [
        -87.5,
        -552,
        0,
        87.5,
        -552,
        0,
        -87.5,
        552,
        0,
        87.5,
        552,
        0
      ],
      "indexes": [
        0,
        1,
        2,
        2,
        1,
        3
      ],
      "uv": [
        9,
        1112,
        184,
        1112,
        9,
        8,
        184,
        8
      ],
      "nuv": [
        0.046875,
        0.006944444444444444,
        0.9583333333333334,
        0.006944444444444444,
        0.046875,
        0.9652777777777778,
        0.9583333333333334,
        0.9652777777777778
      ],
      "minPos": {
        "x": -87.5,
        "y": -552,
        "z": 0
      },
      "maxPos": {
        "x": 87.5,
        "y": 552,
        "z": 0
      }
    },
    "texture": "5d5bcf67-4201-4f19-906e-27980bc3c0ec@6c48a",
    "packable": true,
    "pixelsToUnit": 100,
    "pivot": {
      "x": 0.5,
      "y": 0.5
    },
    "meshType": 0
  }
}