{
  "__type__": "cc.SpriteFrame",
  "content": {
    "name": "icon_item_icebomb",
    "atlas": "",
    "rect": {
      "x": 31,
      "y": 21,
      "width": 130,
      "height": 150
    },
    "offset": {
      "x": 0,
      "y": 0
    },
    "originalSize": {
      "width": 192,
      "height": 192
    },
    "rotated": false,
    "capInsets": [
      0,
      0,
      0,
      0
    ],
    "vertices": {
      "rawPosition": [
        -65,
        -75,
        0,
        65,
        -75,
        0,
        -65,
        75,
        0,
        65,
        75,
        0
      ],
      "indexes": [
        0,
        1,
        2,
        2,
        1,
        3
      ],
      "uv": [
        31,
        171,
        161,
        171,
        31,
        21,
        161,
        21
      ],
      "nuv": [
        0.16145833333333334,
        0.109375,
        0.8385416666666666,
        0.109375,
        0.16145833333333334,
        0.890625,
        0.8385416666666666,
        0.890625
      ],
      "minPos": {
        "x": -65,
        "y": -75,
        "z": 0
      },
      "maxPos": {
        "x": 65,
        "y": 75,
        "z": 0
      }
    },
    "texture": "5d7b5bc3-3a9d-4d17-bb3e-f4afbd20bf3b@6c48a",
    "packable": true,
    "pixelsToUnit": 100,
    "pivot": {
      "x": 0.5,
      "y": 0.5
    },
    "meshType": 0
  }
}