{
  "__type__": "cc.SpriteFrame",
  "content": {
    "name": "icon_relic_flamering",
    "atlas": "",
    "rect": {
      "x": 29,
      "y": 21,
      "width": 134,
      "height": 150
    },
    "offset": {
      "x": 0,
      "y": 0
    },
    "originalSize": {
      "width": 192,
      "height": 192
    },
    "rotated": false,
    "capInsets": [
      0,
      0,
      0,
      0
    ],
    "vertices": {
      "rawPosition": [
        -67,
        -75,
        0,
        67,
        -75,
        0,
        -67,
        75,
        0,
        67,
        75,
        0
      ],
      "indexes": [
        0,
        1,
        2,
        2,
        1,
        3
      ],
      "uv": [
        29,
        171,
        163,
        171,
        29,
        21,
        163,
        21
      ],
      "nuv": [
        0.15104166666666666,
        0.109375,
        0.8489583333333334,
        0.109375,
        0.15104166666666666,
        0.890625,
        0.8489583333333334,
        0.890625
      ],
      "minPos": {
        "x": -67,
        "y": -75,
        "z": 0
      },
      "maxPos": {
        "x": 67,
        "y": 75,
        "z": 0
      }
    },
    "texture": "5af66a0c-d666-4b47-b5f0-583a5e5aaaeb@6c48a",
    "packable": true,
    "pixelsToUnit": 100,
    "pivot": {
      "x": 0.5,
      "y": 0.5
    },
    "meshType": 0
  }
}