{
  "__type__": "cc.SpriteFrame",
  "content": {
    "name": "boss_beast_swamp_death",
    "atlas": "",
    "rect": {
      "x": 4,
      "y": 4,
      "width": 88,
      "height": 87
    },
    "offset": {
      "x": 0,
      "y": 0.5
    },
    "originalSize": {
      "width": 96,
      "height": 96
    },
    "rotated": false,
    "capInsets": [
      0,
      0,
      0,
      0
    ],
    "vertices": {
      "rawPosition": [
        -44,
        -43.5,
        0,
        44,
        -43.5,
        0,
        -44,
        43.5,
        0,
        44,
        43.5,
        0
      ],
      "indexes": [
        0,
        1,
        2,
        2,
        1,
        3
      ],
      "uv": [
        4,
        92,
        92,
        92,
        4,
        5,
        92,
        5
      ],
      "nuv": [
        0.041666666666666664,
        0.052083333333333336,
        0.9583333333333334,
        0.052083333333333336,
        0.041666666666666664,
        0.9583333333333334,
        0.9583333333333334,
        0.9583333333333334
      ],
      "minPos": {
        "x": -44,
        "y": -43.5,
        "z": 0
      },
      "maxPos": {
        "x": 44,
        "y": 43.5,
        "z": 0
      }
    },
    "texture": "c134bdec-52af-4e44-83d5-95614f64270b@6c48a",
    "packable": true,
    "pixelsToUnit": 100,
    "pivot": {
      "x": 0.5,
      "y": 0.5
    },
    "meshType": 0
  }
}