{
  "__type__": "cc.SpriteFrame",
  "content": {
    "name": "joystick_base",
    "atlas": "",
    "rect": {
      "x": 2,
      "y": 2,
      "width": 177,
      "height": 177
    },
    "offset": {
      "x": 0.5,
      "y": -0.5
    },
    "originalSize": {
      "width": 180,
      "height": 180
    },
    "rotated": false,
    "capInsets": [
      0,
      0,
      0,
      0
    ],
    "vertices": {
      "rawPosition": [
        -88.5,
        -88.5,
        0,
        88.5,
        -88.5,
        0,
        -88.5,
        88.5,
        0,
        88.5,
        88.5,
        0
      ],
      "indexes": [
        0,
        1,
        2,
        2,
        1,
        3
      ],
      "uv": [
        2,
        178,
        179,
        178,
        2,
        1,
        179,
        1
      ],
      "nuv": [
        0.011111111111111112,
        0.005555555555555556,
        0.9944444444444445,
        0.005555555555555556,
        0.011111111111111112,
        0.9888888888888889,
        0.9944444444444445,
        0.9888888888888889
      ],
      "minPos": {
        "x": -88.5,
        "y": -88.5,
        "z": 0
      },
      "maxPos": {
        "x": 88.5,
        "y": 88.5,
        "z": 0
      }
    },
    "texture": "f225c3a7-2970-400c-8635-3cbaf9928427@6c48a",
    "packable": true,
    "pixelsToUnit": 100,
    "pivot": {
      "x": 0.5,
      "y": 0.5
    },
    "meshType": 0
  }
}