{
  "__type__": "cc.SpriteFrame",
  "content": {
    "name": "icon_ability_frostbite",
    "atlas": "",
    "rect": {
      "x": 10,
      "y": 10,
      "width": 236,
      "height": 235
    },
    "offset": {
      "x": 0,
      "y": 0.5
    },
    "originalSize": {
      "width": 256,
      "height": 256
    },
    "rotated": false,
    "capInsets": [
      0,
      0,
      0,
      0
    ],
    "vertices": {
      "rawPosition": [
        -118,
        -117.5,
        0,
        118,
        -117.5,
        0,
        -118,
        117.5,
        0,
        118,
        117.5,
        0
      ],
      "indexes": [
        0,
        1,
        2,
        2,
        1,
        3
      ],
      "uv": [
        10,
        246,
        246,
        246,
        10,
        11,
        246,
        11
      ],
      "nuv": [
        0.0390625,
        0.04296875,
        0.9609375,
        0.04296875,
        0.0390625,
        0.9609375,
        0.9609375,
        0.9609375
      ],
      "minPos": {
        "x": -118,
        "y": -117.5,
        "z": 0
      },
      "maxPos": {
        "x": 118,
        "y": 117.5,
        "z": 0
      }
    },
    "texture": "95bb042f-e5f9-46ad-90bb-4c13633b1268@6c48a",
    "packable": true,
    "pixelsToUnit": 100,
    "pivot": {
      "x": 0.5,
      "y": 0.5
    },
    "meshType": 0
  }
}