{
  "__type__": "cc.SpriteFrame",
  "content": {
    "name": "monster_swamp_swampdragon_idle",
    "atlas": "",
    "rect": {
      "x": 2,
      "y": 0,
      "width": 187,
      "height": 192
    },
    "offset": {
      "x": -0.5,
      "y": 0
    },
    "originalSize": {
      "width": 192,
      "height": 192
    },
    "rotated": false,
    "capInsets": [
      0,
      0,
      0,
      0
    ],
    "vertices": {
      "rawPosition": [
        -93.5,
        -96,
        0,
        93.5,
        -96,
        0,
        -93.5,
        96,
        0,
        93.5,
        96,
        0
      ],
      "indexes": [
        0,
        1,
        2,
        2,
        1,
        3
      ],
      "uv": [
        2,
        192,
        189,
        192,
        2,
        0,
        189,
        0
      ],
      "nuv": [
        0.010416666666666666,
        0,
        0.984375,
        0,
        0.010416666666666666,
        1,
        0.984375,
        1
      ],
      "minPos": {
        "x": -93.5,
        "y": -96,
        "z": 0
      },
      "maxPos": {
        "x": 93.5,
        "y": 96,
        "z": 0
      }
    },
    "texture": "95c11aa8-4033-42da-95e8-06fba97ecae8@6c48a",
    "packable": true,
    "pixelsToUnit": 100,
    "pivot": {
      "x": 0.5,
      "y": 0.5
    },
    "meshType": 0
  }
}