{
  "__type__": "cc.SpriteFrame",
  "content": {
    "name": "icon_debuff_poison",
    "atlas": "",
    "rect": {
      "x": 35,
      "y": 21,
      "width": 122,
      "height": 150
    },
    "offset": {
      "x": 0,
      "y": 0
    },
    "originalSize": {
      "width": 192,
      "height": 192
    },
    "rotated": false,
    "capInsets": [
      0,
      0,
      0,
      0
    ],
    "vertices": {
      "rawPosition": [
        -61,
        -75,
        0,
        61,
        -75,
        0,
        -61,
        75,
        0,
        61,
        75,
        0
      ],
      "indexes": [
        0,
        1,
        2,
        2,
        1,
        3
      ],
      "uv": [
        35,
        171,
        157,
        171,
        35,
        21,
        157,
        21
      ],
      "nuv": [
        0.18229166666666666,
        0.109375,
        0.8177083333333334,
        0.109375,
        0.18229166666666666,
        0.890625,
        0.8177083333333334,
        0.890625
      ],
      "minPos": {
        "x": -61,
        "y": -75,
        "z": 0
      },
      "maxPos": {
        "x": 61,
        "y": 75,
        "z": 0
      }
    },
    "texture": "fbe2926d-14c1-426c-9dee-89aa9e1abfac@6c48a",
    "packable": true,
    "pixelsToUnit": 100,
    "pivot": {
      "x": 0.5,
      "y": 0.5
    },
    "meshType": 0
  }
}