{
  "__type__": "cc.SpriteFrame",
  "content": {
    "name": "boss_firelord_phasechange",
    "atlas": "",
    "rect": {
      "x": 5,
      "y": 3,
      "width": 53,
      "height": 250
    },
    "offset": {
      "x": -0.5,
      "y": 0
    },
    "originalSize": {
      "width": 64,
      "height": 256
    },
    "rotated": false,
    "capInsets": [
      0,
      0,
      0,
      0
    ],
    "vertices": {
      "rawPosition": [
        -26.5,
        -125,
        0,
        26.5,
        -125,
        0,
        -26.5,
        125,
        0,
        26.5,
        125,
        0
      ],
      "indexes": [
        0,
        1,
        2,
        2,
        1,
        3
      ],
      "uv": [
        5,
        253,
        58,
        253,
        5,
        3,
        58,
        3
      ],
      "nuv": [
        0.078125,
        0.01171875,
        0.90625,
        0.01171875,
        0.078125,
        0.98828125,
        0.90625,
        0.98828125
      ],
      "minPos": {
        "x": -26.5,
        "y": -125,
        "z": 0
      },
      "maxPos": {
        "x": 26.5,
        "y": 125,
        "z": 0
      }
    },
    "texture": "ea169653-d285-4cf5-8acd-bcf4dc4ce15f@6c48a",
    "packable": true,
    "pixelsToUnit": 100,
    "pivot": {
      "x": 0.5,
      "y": 0.5
    },
    "meshType": 0
  }
}