{
  "__type__": "cc.SpriteFrame",
  "content": {
    "name": "joystick_dot",
    "atlas": "",
    "rect": {
      "x": 2,
      "y": 2,
      "width": 85,
      "height": 85
    },
    "offset": {
      "x": 0.5,
      "y": -0.5
    },
    "originalSize": {
      "width": 88,
      "height": 88
    },
    "rotated": false,
    "capInsets": [
      0,
      0,
      0,
      0
    ],
    "vertices": {
      "rawPosition": [
        -42.5,
        -42.5,
        0,
        42.5,
        -42.5,
        0,
        -42.5,
        42.5,
        0,
        42.5,
        42.5,
        0
      ],
      "indexes": [
        0,
        1,
        2,
        2,
        1,
        3
      ],
      "uv": [
        2,
        86,
        87,
        86,
        2,
        1,
        87,
        1
      ],
      "nuv": [
        0.022727272727272728,
        0.011363636363636364,
        0.9886363636363636,
        0.011363636363636364,
        0.022727272727272728,
        0.9772727272727273,
        0.9886363636363636,
        0.9772727272727273
      ],
      "minPos": {
        "x": -42.5,
        "y": -42.5,
        "z": 0
      },
      "maxPos": {
        "x": 42.5,
        "y": 42.5,
        "z": 0
      }
    },
    "texture": "498fe481-4440-4f8c-a36f-81737b3c3199@6c48a",
    "packable": true,
    "pixelsToUnit": 100,
    "pivot": {
      "x": 0.5,
      "y": 0.5
    },
    "meshType": 0
  }
}