{
  "__type__": "cc.SpriteFrame",
  "content": {
    "name": "icon_item_furypotion",
    "atlas": "",
    "rect": {
      "x": 40,
      "y": 21,
      "width": 111,
      "height": 150
    },
    "offset": {
      "x": -0.5,
      "y": 0
    },
    "originalSize": {
      "width": 192,
      "height": 192
    },
    "rotated": false,
    "capInsets": [
      0,
      0,
      0,
      0
    ],
    "vertices": {
      "rawPosition": [
        -55.5,
        -75,
        0,
        55.5,
        -75,
        0,
        -55.5,
        75,
        0,
        55.5,
        75,
        0
      ],
      "indexes": [
        0,
        1,
        2,
        2,
        1,
        3
      ],
      "uv": [
        40,
        171,
        151,
        171,
        40,
        21,
        151,
        21
      ],
      "nuv": [
        0.20833333333333334,
        0.109375,
        0.7864583333333334,
        0.109375,
        0.20833333333333334,
        0.890625,
        0.7864583333333334,
        0.890625
      ],
      "minPos": {
        "x": -55.5,
        "y": -75,
        "z": 0
      },
      "maxPos": {
        "x": 55.5,
        "y": 75,
        "z": 0
      }
    },
    "texture": "8a827407-ed55-4ab8-9831-a6e5c89f8ef6@6c48a",
    "packable": true,
    "pixelsToUnit": 100,
    "pivot": {
      "x": 0.5,
      "y": 0.5
    },
    "meshType": 0
  }
}