{
  "__type__": "cc.SpriteFrame",
  "content": {
    "name": "item_slot",
    "atlas": "",
    "rect": {
      "x": 2,
      "y": 2,
      "width": 89,
      "height": 89
    },
    "offset": {
      "x": 0.5,
      "y": -0.5
    },
    "originalSize": {
      "width": 92,
      "height": 92
    },
    "rotated": false,
    "capInsets": [
      0,
      0,
      0,
      0
    ],
    "vertices": {
      "rawPosition": [
        -44.5,
        -44.5,
        0,
        44.5,
        -44.5,
        0,
        -44.5,
        44.5,
        0,
        44.5,
        44.5,
        0
      ],
      "indexes": [
        0,
        1,
        2,
        2,
        1,
        3
      ],
      "uv": [
        2,
        90,
        91,
        90,
        2,
        1,
        91,
        1
      ],
      "nuv": [
        0.021739130434782608,
        0.010869565217391304,
        0.9891304347826086,
        0.010869565217391304,
        0.021739130434782608,
        0.9782608695652174,
        0.9891304347826086,
        0.9782608695652174
      ],
      "minPos": {
        "x": -44.5,
        "y": -44.5,
        "z": 0
      },
      "maxPos": {
        "x": 44.5,
        "y": 44.5,
        "z": 0
      }
    },
    "texture": "c66a3ad7-2c45-4865-9a44-f2dcfd081dbf@6c48a",
    "packable": true,
    "pixelsToUnit": 100,
    "pivot": {
      "x": 0.5,
      "y": 0.5
    },
    "meshType": 0
  }
}