{
  "__type__": "cc.SpriteFrame",
  "content": {
    "name": "icon_item_advancedkey",
    "atlas": "",
    "rect": {
      "x": 54,
      "y": 21,
      "width": 83,
      "height": 150
    },
    "offset": {
      "x": -0.5,
      "y": 0
    },
    "originalSize": {
      "width": 192,
      "height": 192
    },
    "rotated": false,
    "capInsets": [
      0,
      0,
      0,
      0
    ],
    "vertices": {
      "rawPosition": [
        -41.5,
        -75,
        0,
        41.5,
        -75,
        0,
        -41.5,
        75,
        0,
        41.5,
        75,
        0
      ],
      "indexes": [
        0,
        1,
        2,
        2,
        1,
        3
      ],
      "uv": [
        54,
        171,
        137,
        171,
        54,
        21,
        137,
        21
      ],
      "nuv": [
        0.28125,
        0.109375,
        0.7135416666666666,
        0.109375,
        0.28125,
        0.890625,
        0.7135416666666666,
        0.890625
      ],
      "minPos": {
        "x": -41.5,
        "y": -75,
        "z": 0
      },
      "maxPos": {
        "x": 41.5,
        "y": 75,
        "z": 0
      }
    },
    "texture": "d21e907c-a715-4dbe-9a7c-e45f2117fe36@6c48a",
    "packable": true,
    "pixelsToUnit": 100,
    "pivot": {
      "x": 0.5,
      "y": 0.5
    },
    "meshType": 0
  }
}