{
  "__type__": "cc.SpriteFrame",
  "content": {
    "name": "boss_firelord_idle",
    "atlas": "",
    "rect": {
      "x": 22,
      "y": 12,
      "width": 211,
      "height": 232
    },
    "offset": {
      "x": -0.5,
      "y": 0
    },
    "originalSize": {
      "width": 256,
      "height": 256
    },
    "rotated": false,
    "capInsets": [
      0,
      0,
      0,
      0
    ],
    "vertices": {
      "rawPosition": [
        -105.5,
        -116,
        0,
        105.5,
        -116,
        0,
        -105.5,
        116,
        0,
        105.5,
        116,
        0
      ],
      "indexes": [
        0,
        1,
        2,
        2,
        1,
        3
      ],
      "uv": [
        22,
        244,
        233,
        244,
        22,
        12,
        233,
        12
      ],
      "nuv": [
        0.0859375,
        0.046875,
        0.91015625,
        0.046875,
        0.0859375,
        0.953125,
        0.91015625,
        0.953125
      ],
      "minPos": {
        "x": -105.5,
        "y": -116,
        "z": 0
      },
      "maxPos": {
        "x": 105.5,
        "y": 116,
        "z": 0
      }
    },
    "texture": "b94f968c-ef9f-4d6e-a146-8d5bff6cbbd4@6c48a",
    "packable": true,
    "pixelsToUnit": 100,
    "pivot": {
      "x": 0.5,
      "y": 0.5
    },
    "meshType": 0
  }
}