{
  "__type__": "cc.SpriteFrame",
  "content": {
    "name": "miniboss_porcupineking_idle",
    "atlas": "",
    "rect": {
      "x": 19,
      "y": 9,
      "width": 153,
      "height": 174
    },
    "offset": {
      "x": -0.5,
      "y": 0
    },
    "originalSize": {
      "width": 192,
      "height": 192
    },
    "rotated": false,
    "capInsets": [
      0,
      0,
      0,
      0
    ],
    "vertices": {
      "rawPosition": [
        -76.5,
        -87,
        0,
        76.5,
        -87,
        0,
        -76.5,
        87,
        0,
        76.5,
        87,
        0
      ],
      "indexes": [
        0,
        1,
        2,
        2,
        1,
        3
      ],
      "uv": [
        19,
        183,
        172,
        183,
        19,
        9,
        172,
        9
      ],
      "nuv": [
        0.09895833333333333,
        0.046875,
        0.8958333333333334,
        0.046875,
        0.09895833333333333,
        0.953125,
        0.8958333333333334,
        0.953125
      ],
      "minPos": {
        "x": -76.5,
        "y": -87,
        "z": 0
      },
      "maxPos": {
        "x": 76.5,
        "y": 87,
        "z": 0
      }
    },
    "texture": "32188c58-2c8c-48a4-adff-d427234c0290@6c48a",
    "packable": true,
    "pixelsToUnit": 100,
    "pivot": {
      "x": 0.5,
      "y": 0.5
    },
    "meshType": 0
  }
}