{
  "__type__": "cc.SpriteFrame",
  "content": {
    "name": "icon_buff_defup",
    "atlas": "",
    "rect": {
      "x": 27,
      "y": 21,
      "width": 138,
      "height": 148
    },
    "offset": {
      "x": 0,
      "y": 1
    },
    "originalSize": {
      "width": 192,
      "height": 192
    },
    "rotated": false,
    "capInsets": [
      0,
      0,
      0,
      0
    ],
    "vertices": {
      "rawPosition": [
        -69,
        -74,
        0,
        69,
        -74,
        0,
        -69,
        74,
        0,
        69,
        74,
        0
      ],
      "indexes": [
        0,
        1,
        2,
        2,
        1,
        3
      ],
      "uv": [
        27,
        171,
        165,
        171,
        27,
        23,
        165,
        23
      ],
      "nuv": [
        0.140625,
        0.11979166666666667,
        0.859375,
        0.11979166666666667,
        0.140625,
        0.890625,
        0.859375,
        0.890625
      ],
      "minPos": {
        "x": -69,
        "y": -74,
        "z": 0
      },
      "maxPos": {
        "x": 69,
        "y": 74,
        "z": 0
      }
    },
    "texture": "bd6d963e-8196-4a42-b975-f8a3a453833e@6c48a",
    "packable": true,
    "pixelsToUnit": 100,
    "pivot": {
      "x": 0.5,
      "y": 0.5
    },
    "meshType": 0
  }
}