{
  "__type__": "cc.SpriteFrame",
  "content": {
    "name": "boss_forestguardian_phasechange",
    "atlas": "",
    "rect": {
      "x": 4,
      "y": 3,
      "width": 55,
      "height": 250
    },
    "offset": {
      "x": -0.5,
      "y": 0
    },
    "originalSize": {
      "width": 64,
      "height": 256
    },
    "rotated": false,
    "capInsets": [
      0,
      0,
      0,
      0
    ],
    "vertices": {
      "rawPosition": [
        -27.5,
        -125,
        0,
        27.5,
        -125,
        0,
        -27.5,
        125,
        0,
        27.5,
        125,
        0
      ],
      "indexes": [
        0,
        1,
        2,
        2,
        1,
        3
      ],
      "uv": [
        4,
        253,
        59,
        253,
        4,
        3,
        59,
        3
      ],
      "nuv": [
        0.0625,
        0.01171875,
        0.921875,
        0.01171875,
        0.0625,
        0.98828125,
        0.921875,
        0.98828125
      ],
      "minPos": {
        "x": -27.5,
        "y": -125,
        "z": 0
      },
      "maxPos": {
        "x": 27.5,
        "y": 125,
        "z": 0
      }
    },
    "texture": "21fc9bd8-2c1d-4edc-b634-faa782fc9a51@6c48a",
    "packable": true,
    "pixelsToUnit": 100,
    "pivot": {
      "x": 0.5,
      "y": 0.5
    },
    "meshType": 0
  }
}