{
  "__type__": "cc.SpriteFrame",
  "content": {
    "name": "icon_ability_sprint",
    "atlas": "",
    "rect": {
      "x": 10,
      "y": 10,
      "width": 236,
      "height": 236
    },
    "offset": {
      "x": 0,
      "y": 0
    },
    "originalSize": {
      "width": 256,
      "height": 256
    },
    "rotated": false,
    "capInsets": [
      0,
      0,
      0,
      0
    ],
    "vertices": {
      "rawPosition": [
        -118,
        -118,
        0,
        118,
        -118,
        0,
        -118,
        118,
        0,
        118,
        118,
        0
      ],
      "indexes": [
        0,
        1,
        2,
        2,
        1,
        3
      ],
      "uv": [
        10,
        246,
        246,
        246,
        10,
        10,
        246,
        10
      ],
      "nuv": [
        0.0390625,
        0.0390625,
        0.9609375,
        0.0390625,
        0.0390625,
        0.9609375,
        0.9609375,
        0.9609375
      ],
      "minPos": {
        "x": -118,
        "y": -118,
        "z": 0
      },
      "maxPos": {
        "x": 118,
        "y": 118,
        "z": 0
      }
    },
    "texture": "7599b084-1db5-4968-b034-2d34b85235a7@6c48a",
    "packable": true,
    "pixelsToUnit": 100,
    "pivot": {
      "x": 0.5,
      "y": 0.5
    },
    "meshType": 0
  }
}