{
  "__type__": "cc.SpriteFrame",
  "content": {
    "name": "monster_volcano_ashwraith_idle",
    "atlas": "",
    "rect": {
      "x": 0,
      "y": 3,
      "width": 192,
      "height": 185
    },
    "offset": {
      "x": 0,
      "y": 0.5
    },
    "originalSize": {
      "width": 192,
      "height": 192
    },
    "rotated": false,
    "capInsets": [
      0,
      0,
      0,
      0
    ],
    "vertices": {
      "rawPosition": [
        -96,
        -92.5,
        0,
        96,
        -92.5,
        0,
        -96,
        92.5,
        0,
        96,
        92.5,
        0
      ],
      "indexes": [
        0,
        1,
        2,
        2,
        1,
        3
      ],
      "uv": [
        0,
        189,
        192,
        189,
        0,
        4,
        192,
        4
      ],
      "nuv": [
        0,
        0.020833333333333332,
        1,
        0.020833333333333332,
        0,
        0.984375,
        1,
        0.984375
      ],
      "minPos": {
        "x": -96,
        "y": -92.5,
        "z": 0
      },
      "maxPos": {
        "x": 96,
        "y": 92.5,
        "z": 0
      }
    },
    "texture": "6ae08720-f9b4-4828-a3eb-37d9cd42242d@6c48a",
    "packable": true,
    "pixelsToUnit": 100,
    "pivot": {
      "x": 0.5,
      "y": 0.5
    },
    "meshType": 0
  }
}