{
  "__type__": "cc.SpriteFrame",
  "content": {
    "name": "miniboss_frostelemental_idle",
    "atlas": "",
    "rect": {
      "x": 12,
      "y": 9,
      "width": 167,
      "height": 174
    },
    "offset": {
      "x": -0.5,
      "y": 0
    },
    "originalSize": {
      "width": 192,
      "height": 192
    },
    "rotated": false,
    "capInsets": [
      0,
      0,
      0,
      0
    ],
    "vertices": {
      "rawPosition": [
        -83.5,
        -87,
        0,
        83.5,
        -87,
        0,
        -83.5,
        87,
        0,
        83.5,
        87,
        0
      ],
      "indexes": [
        0,
        1,
        2,
        2,
        1,
        3
      ],
      "uv": [
        12,
        183,
        179,
        183,
        12,
        9,
        179,
        9
      ],
      "nuv": [
        0.0625,
        0.046875,
        0.9322916666666666,
        0.046875,
        0.0625,
        0.953125,
        0.9322916666666666,
        0.953125
      ],
      "minPos": {
        "x": -83.5,
        "y": -87,
        "z": 0
      },
      "maxPos": {
        "x": 83.5,
        "y": 87,
        "z": 0
      }
    },
    "texture": "47774a26-3b2b-4949-a7e5-a392cfafdde0@6c48a",
    "packable": true,
    "pixelsToUnit": 100,
    "pivot": {
      "x": 0.5,
      "y": 0.5
    },
    "meshType": 0
  }
}