{
  "__type__": "cc.SpriteFrame",
  "content": {
    "name": "monster_swamp_gianttoad_idle",
    "atlas": "",
    "rect": {
      "x": 8,
      "y": 0,
      "width": 176,
      "height": 192
    },
    "offset": {
      "x": 0,
      "y": 0
    },
    "originalSize": {
      "width": 192,
      "height": 192
    },
    "rotated": false,
    "capInsets": [
      0,
      0,
      0,
      0
    ],
    "vertices": {
      "rawPosition": [
        -88,
        -96,
        0,
        88,
        -96,
        0,
        -88,
        96,
        0,
        88,
        96,
        0
      ],
      "indexes": [
        0,
        1,
        2,
        2,
        1,
        3
      ],
      "uv": [
        8,
        192,
        184,
        192,
        8,
        0,
        184,
        0
      ],
      "nuv": [
        0.041666666666666664,
        0,
        0.9583333333333334,
        0,
        0.041666666666666664,
        1,
        0.9583333333333334,
        1
      ],
      "minPos": {
        "x": -88,
        "y": -96,
        "z": 0
      },
      "maxPos": {
        "x": 88,
        "y": 96,
        "z": 0
      }
    },
    "texture": "995274e9-5628-42d0-b1ef-3706bff2b950@6c48a",
    "packable": true,
    "pixelsToUnit": 100,
    "pivot": {
      "x": 0.5,
      "y": 0.5
    },
    "meshType": 0
  }
}