{
  "__type__": "cc.SpriteFrame",
  "content": {
    "name": "icon_room_shop",
    "atlas": "",
    "rect": {
      "x": 2,
      "y": 2,
      "width": 69,
      "height": 69
    },
    "offset": {
      "x": 0.5,
      "y": -0.5
    },
    "originalSize": {
      "width": 72,
      "height": 72
    },
    "rotated": false,
    "capInsets": [
      0,
      0,
      0,
      0
    ],
    "vertices": {
      "rawPosition": [
        -34.5,
        -34.5,
        0,
        34.5,
        -34.5,
        0,
        -34.5,
        34.5,
        0,
        34.5,
        34.5,
        0
      ],
      "indexes": [
        0,
        1,
        2,
        2,
        1,
        3
      ],
      "uv": [
        2,
        70,
        71,
        70,
        2,
        1,
        71,
        1
      ],
      "nuv": [
        0.027777777777777776,
        0.013888888888888888,
        0.9861111111111112,
        0.013888888888888888,
        0.027777777777777776,
        0.9722222222222222,
        0.9861111111111112,
        0.9722222222222222
      ],
      "minPos": {
        "x": -34.5,
        "y": -34.5,
        "z": 0
      },
      "maxPos": {
        "x": 34.5,
        "y": 34.5,
        "z": 0
      }
    },
    "texture": "872d6409-1bac-4f1f-a18e-797b44d52f36@6c48a",
    "packable": true,
    "pixelsToUnit": 100,
    "pivot": {
      "x": 0.5,
      "y": 0.5
    },
    "meshType": 0
  }
}