{
  "__type__": "cc.SpriteFrame",
  "content": {
    "name": "boss_lord_volcano_skill",
    "atlas": "",
    "rect": {
      "x": 28,
      "y": 12,
      "width": 199,
      "height": 232
    },
    "offset": {
      "x": -0.5,
      "y": 0
    },
    "originalSize": {
      "width": 256,
      "height": 256
    },
    "rotated": false,
    "capInsets": [
      0,
      0,
      0,
      0
    ],
    "vertices": {
      "rawPosition": [
        -99.5,
        -116,
        0,
        99.5,
        -116,
        0,
        -99.5,
        116,
        0,
        99.5,
        116,
        0
      ],
      "indexes": [
        0,
        1,
        2,
        2,
        1,
        3
      ],
      "uv": [
        28,
        244,
        227,
        244,
        28,
        12,
        227,
        12
      ],
      "nuv": [
        0.109375,
        0.046875,
        0.88671875,
        0.046875,
        0.109375,
        0.953125,
        0.88671875,
        0.953125
      ],
      "minPos": {
        "x": -99.5,
        "y": -116,
        "z": 0
      },
      "maxPos": {
        "x": 99.5,
        "y": 116,
        "z": 0
      }
    },
    "texture": "87ed6d36-cac3-410e-bca6-0155f58374e4@6c48a",
    "packable": true,
    "pixelsToUnit": 100,
    "pivot": {
      "x": 0.5,
      "y": 0.5
    },
    "meshType": 0
  }
}