{
  "__type__": "cc.SpriteFrame",
  "content": {
    "name": "icon_relic_echoorb",
    "atlas": "",
    "rect": {
      "x": 22,
      "y": 21,
      "width": 147,
      "height": 150
    },
    "offset": {
      "x": -0.5,
      "y": 0
    },
    "originalSize": {
      "width": 192,
      "height": 192
    },
    "rotated": false,
    "capInsets": [
      0,
      0,
      0,
      0
    ],
    "vertices": {
      "rawPosition": [
        -73.5,
        -75,
        0,
        73.5,
        -75,
        0,
        -73.5,
        75,
        0,
        73.5,
        75,
        0
      ],
      "indexes": [
        0,
        1,
        2,
        2,
        1,
        3
      ],
      "uv": [
        22,
        171,
        169,
        171,
        22,
        21,
        169,
        21
      ],
      "nuv": [
        0.11458333333333333,
        0.109375,
        0.8802083333333334,
        0.109375,
        0.11458333333333333,
        0.890625,
        0.8802083333333334,
        0.890625
      ],
      "minPos": {
        "x": -73.5,
        "y": -75,
        "z": 0
      },
      "maxPos": {
        "x": 73.5,
        "y": 75,
        "z": 0
      }
    },
    "texture": "4c671e57-0f0a-46db-885c-b67d29bc9164@6c48a",
    "packable": true,
    "pixelsToUnit": 100,
    "pivot": {
      "x": 0.5,
      "y": 0.5
    },
    "meshType": 0
  }
}