{
  "__type__": "cc.SpriteFrame",
  "content": {
    "name": "boss_beast_swamp_attack",
    "atlas": "",
    "rect": {
      "x": 12,
      "y": 20,
      "width": 232,
      "height": 216
    },
    "offset": {
      "x": 0,
      "y": 0
    },
    "originalSize": {
      "width": 256,
      "height": 256
    },
    "rotated": false,
    "capInsets": [
      0,
      0,
      0,
      0
    ],
    "vertices": {
      "rawPosition": [
        -116,
        -108,
        0,
        116,
        -108,
        0,
        -116,
        108,
        0,
        116,
        108,
        0
      ],
      "indexes": [
        0,
        1,
        2,
        2,
        1,
        3
      ],
      "uv": [
        12,
        236,
        244,
        236,
        12,
        20,
        244,
        20
      ],
      "nuv": [
        0.046875,
        0.078125,
        0.953125,
        0.078125,
        0.046875,
        0.921875,
        0.953125,
        0.921875
      ],
      "minPos": {
        "x": -116,
        "y": -108,
        "z": 0
      },
      "maxPos": {
        "x": 116,
        "y": 108,
        "z": 0
      }
    },
    "texture": "f6c716fa-92b7-4db6-b8cf-d46af970ec81@6c48a",
    "packable": true,
    "pixelsToUnit": 100,
    "pivot": {
      "x": 0.5,
      "y": 0.5
    },
    "meshType": 0
  }
}