{
  "__type__": "cc.SpriteFrame",
  "content": {
    "name": "boss_firelord_death",
    "atlas": "",
    "rect": {
      "x": 4,
      "y": 5,
      "width": 88,
      "height": 85
    },
    "offset": {
      "x": 0,
      "y": 0.5
    },
    "originalSize": {
      "width": 96,
      "height": 96
    },
    "rotated": false,
    "capInsets": [
      0,
      0,
      0,
      0
    ],
    "vertices": {
      "rawPosition": [
        -44,
        -42.5,
        0,
        44,
        -42.5,
        0,
        -44,
        42.5,
        0,
        44,
        42.5,
        0
      ],
      "indexes": [
        0,
        1,
        2,
        2,
        1,
        3
      ],
      "uv": [
        4,
        91,
        92,
        91,
        4,
        6,
        92,
        6
      ],
      "nuv": [
        0.041666666666666664,
        0.0625,
        0.9583333333333334,
        0.0625,
        0.041666666666666664,
        0.9479166666666666,
        0.9583333333333334,
        0.9479166666666666
      ],
      "minPos": {
        "x": -44,
        "y": -42.5,
        "z": 0
      },
      "maxPos": {
        "x": 44,
        "y": 42.5,
        "z": 0
      }
    },
    "texture": "f6f6f721-829c-4cb6-abce-b41d32e68924@6c48a",
    "packable": true,
    "pixelsToUnit": 100,
    "pivot": {
      "x": 0.5,
      "y": 0.5
    },
    "meshType": 0
  }
}