{
  "__type__": "cc.SpriteFrame",
  "content": {
    "name": "boss_lord_abyss_death",
    "atlas": "",
    "rect": {
      "x": 14,
      "y": 4,
      "width": 67,
      "height": 88
    },
    "offset": {
      "x": -0.5,
      "y": 0
    },
    "originalSize": {
      "width": 96,
      "height": 96
    },
    "rotated": false,
    "capInsets": [
      0,
      0,
      0,
      0
    ],
    "vertices": {
      "rawPosition": [
        -33.5,
        -44,
        0,
        33.5,
        -44,
        0,
        -33.5,
        44,
        0,
        33.5,
        44,
        0
      ],
      "indexes": [
        0,
        1,
        2,
        2,
        1,
        3
      ],
      "uv": [
        14,
        92,
        81,
        92,
        14,
        4,
        81,
        4
      ],
      "nuv": [
        0.14583333333333334,
        0.041666666666666664,
        0.84375,
        0.041666666666666664,
        0.14583333333333334,
        0.9583333333333334,
        0.84375,
        0.9583333333333334
      ],
      "minPos": {
        "x": -33.5,
        "y": -44,
        "z": 0
      },
      "maxPos": {
        "x": 33.5,
        "y": 44,
        "z": 0
      }
    },
    "texture": "33711077-50c0-47d4-bf36-7a9c143b673f@6c48a",
    "packable": true,
    "pixelsToUnit": 100,
    "pivot": {
      "x": 0.5,
      "y": 0.5
    },
    "meshType": 0
  }
}