{
  "__type__": "cc.SpriteFrame",
  "content": {
    "name": "hud_rollbtn",
    "atlas": "",
    "rect": {
      "x": 3,
      "y": 3,
      "width": 115,
      "height": 115
    },
    "offset": {
      "x": 0.5,
      "y": -0.5
    },
    "originalSize": {
      "width": 120,
      "height": 120
    },
    "rotated": false,
    "capInsets": [
      0,
      0,
      0,
      0
    ],
    "vertices": {
      "rawPosition": [
        -57.5,
        -57.5,
        0,
        57.5,
        -57.5,
        0,
        -57.5,
        57.5,
        0,
        57.5,
        57.5,
        0
      ],
      "indexes": [
        0,
        1,
        2,
        2,
        1,
        3
      ],
      "uv": [
        3,
        117,
        118,
        117,
        3,
        2,
        118,
        2
      ],
      "nuv": [
        0.025,
        0.016666666666666666,
        0.9833333333333333,
        0.016666666666666666,
        0.025,
        0.975,
        0.9833333333333333,
        0.975
      ],
      "minPos": {
        "x": -57.5,
        "y": -57.5,
        "z": 0
      },
      "maxPos": {
        "x": 57.5,
        "y": 57.5,
        "z": 0
      }
    },
    "texture": "33a2f8d6-674e-4650-b587-76915b404109@6c48a",
    "packable": true,
    "pixelsToUnit": 100,
    "pivot": {
      "x": 0.5,
      "y": 0.5
    },
    "meshType": 0
  }
}