{
  "__type__": "cc.SpriteFrame",
  "content": {
    "name": "fx_relic_life_link",
    "atlas": "",
    "rect": {
      "x": 12,
      "y": 33,
      "width": 138,
      "height": 695
    },
    "offset": {
      "x": -15,
      "y": 3.5
    },
    "originalSize": {
      "width": 192,
      "height": 768
    },
    "rotated": false,
    "capInsets": [
      0,
      0,
      0,
      0
    ],
    "vertices": {
      "rawPosition": [
        -69,
        -347.5,
        0,
        69,
        -347.5,
        0,
        -69,
        347.5,
        0,
        69,
        347.5,
        0
      ],
      "indexes": [
        0,
        1,
        2,
        2,
        1,
        3
      ],
      "uv": [
        12,
        735,
        150,
        735,
        12,
        40,
        150,
        40
      ],
      "nuv": [
        0.0625,
        0.052083333333333336,
        0.78125,
        0.052083333333333336,
        0.0625,
        0.95703125,
        0.78125,
        0.95703125
      ],
      "minPos": {
        "x": -69,
        "y": -347.5,
        "z": 0
      },
      "maxPos": {
        "x": 69,
        "y": 347.5,
        "z": 0
      }
    },
    "texture": "7a065dd8-f3fb-496b-a5a7-acc952c17ba4@6c48a",
    "packable": true,
    "pixelsToUnit": 100,
    "pivot": {
      "x": 0.5,
      "y": 0.5
    },
    "meshType": 0
  }
}