{
  "__type__": "cc.SpriteFrame",
  "content": {
    "name": "boss_guardian_forest_idle",
    "atlas": "",
    "rect": {
      "x": 26,
      "y": 12,
      "width": 204,
      "height": 232
    },
    "offset": {
      "x": 0,
      "y": 0
    },
    "originalSize": {
      "width": 256,
      "height": 256
    },
    "rotated": false,
    "capInsets": [
      0,
      0,
      0,
      0
    ],
    "vertices": {
      "rawPosition": [
        -102,
        -116,
        0,
        102,
        -116,
        0,
        -102,
        116,
        0,
        102,
        116,
        0
      ],
      "indexes": [
        0,
        1,
        2,
        2,
        1,
        3
      ],
      "uv": [
        26,
        244,
        230,
        244,
        26,
        12,
        230,
        12
      ],
      "nuv": [
        0.1015625,
        0.046875,
        0.8984375,
        0.046875,
        0.1015625,
        0.953125,
        0.8984375,
        0.953125
      ],
      "minPos": {
        "x": -102,
        "y": -116,
        "z": 0
      },
      "maxPos": {
        "x": 102,
        "y": 116,
        "z": 0
      }
    },
    "texture": "d9d5544d-31c8-46c4-8afb-8e4d85764a45@6c48a",
    "packable": true,
    "pixelsToUnit": 100,
    "pivot": {
      "x": 0.5,
      "y": 0.5
    },
    "meshType": 0
  }
}