{
  "__type__": "cc.SpriteFrame",
  "content": {
    "name": "boss_abyssoverlord_death",
    "atlas": "",
    "rect": {
      "x": 10,
      "y": 4,
      "width": 75,
      "height": 88
    },
    "offset": {
      "x": -0.5,
      "y": 0
    },
    "originalSize": {
      "width": 96,
      "height": 96
    },
    "rotated": false,
    "capInsets": [
      0,
      0,
      0,
      0
    ],
    "vertices": {
      "rawPosition": [
        -37.5,
        -44,
        0,
        37.5,
        -44,
        0,
        -37.5,
        44,
        0,
        37.5,
        44,
        0
      ],
      "indexes": [
        0,
        1,
        2,
        2,
        1,
        3
      ],
      "uv": [
        10,
        92,
        85,
        92,
        10,
        4,
        85,
        4
      ],
      "nuv": [
        0.10416666666666667,
        0.041666666666666664,
        0.8854166666666666,
        0.041666666666666664,
        0.10416666666666667,
        0.9583333333333334,
        0.8854166666666666,
        0.9583333333333334
      ],
      "minPos": {
        "x": -37.5,
        "y": -44,
        "z": 0
      },
      "maxPos": {
        "x": 37.5,
        "y": 44,
        "z": 0
      }
    },
    "texture": "4bc3d3b3-88cb-4b2a-af57-da222ccc4886@6c48a",
    "packable": true,
    "pixelsToUnit": 100,
    "pivot": {
      "x": 0.5,
      "y": 0.5
    },
    "meshType": 0
  }
}