{
  "__type__": "cc.SpriteFrame",
  "content": {
    "name": "boss_firelord_skill",
    "atlas": "",
    "rect": {
      "x": 22,
      "y": 12,
      "width": 212,
      "height": 232
    },
    "offset": {
      "x": 0,
      "y": 0
    },
    "originalSize": {
      "width": 256,
      "height": 256
    },
    "rotated": false,
    "capInsets": [
      0,
      0,
      0,
      0
    ],
    "vertices": {
      "rawPosition": [
        -106,
        -116,
        0,
        106,
        -116,
        0,
        -106,
        116,
        0,
        106,
        116,
        0
      ],
      "indexes": [
        0,
        1,
        2,
        2,
        1,
        3
      ],
      "uv": [
        22,
        244,
        234,
        244,
        22,
        12,
        234,
        12
      ],
      "nuv": [
        0.0859375,
        0.046875,
        0.9140625,
        0.046875,
        0.0859375,
        0.953125,
        0.9140625,
        0.953125
      ],
      "minPos": {
        "x": -106,
        "y": -116,
        "z": 0
      },
      "maxPos": {
        "x": 106,
        "y": 116,
        "z": 0
      }
    },
    "texture": "274cea49-33d3-4c5b-94b4-988c92401c95@6c48a",
    "packable": true,
    "pixelsToUnit": 100,
    "pivot": {
      "x": 0.5,
      "y": 0.5
    },
    "meshType": 0
  }
}