{
  "__type__": "cc.SpriteFrame",
  "content": {
    "name": "icon_soulstone",
    "atlas": "",
    "rect": {
      "x": 19,
      "y": 17,
      "width": 58,
      "height": 61
    },
    "offset": {
      "x": 0,
      "y": 0.5
    },
    "originalSize": {
      "width": 96,
      "height": 96
    },
    "rotated": false,
    "capInsets": [
      0,
      0,
      0,
      0
    ],
    "vertices": {
      "rawPosition": [
        -29,
        -30.5,
        0,
        29,
        -30.5,
        0,
        -29,
        30.5,
        0,
        29,
        30.5,
        0
      ],
      "indexes": [
        0,
        1,
        2,
        2,
        1,
        3
      ],
      "uv": [
        19,
        79,
        77,
        79,
        19,
        18,
        77,
        18
      ],
      "nuv": [
        0.19791666666666666,
        0.1875,
        0.8020833333333334,
        0.1875,
        0.19791666666666666,
        0.8229166666666666,
        0.8020833333333334,
        0.8229166666666666
      ],
      "minPos": {
        "x": -29,
        "y": -30.5,
        "z": 0
      },
      "maxPos": {
        "x": 29,
        "y": 30.5,
        "z": 0
      }
    },
    "texture": "27b00b3b-f4e9-423f-966a-455e541a282f@6c48a",
    "packable": true,
    "pixelsToUnit": 100,
    "pivot": {
      "x": 0.5,
      "y": 0.5
    },
    "meshType": 0
  }
}