{
  "__type__": "cc.SpriteFrame",
  "content": {
    "name": "icon_buff_shield",
    "atlas": "",
    "rect": {
      "x": 29,
      "y": 21,
      "width": 133,
      "height": 150
    },
    "offset": {
      "x": -0.5,
      "y": 0
    },
    "originalSize": {
      "width": 192,
      "height": 192
    },
    "rotated": false,
    "capInsets": [
      0,
      0,
      0,
      0
    ],
    "vertices": {
      "rawPosition": [
        -66.5,
        -75,
        0,
        66.5,
        -75,
        0,
        -66.5,
        75,
        0,
        66.5,
        75,
        0
      ],
      "indexes": [
        0,
        1,
        2,
        2,
        1,
        3
      ],
      "uv": [
        29,
        171,
        162,
        171,
        29,
        21,
        162,
        21
      ],
      "nuv": [
        0.15104166666666666,
        0.109375,
        0.84375,
        0.109375,
        0.15104166666666666,
        0.890625,
        0.84375,
        0.890625
      ],
      "minPos": {
        "x": -66.5,
        "y": -75,
        "z": 0
      },
      "maxPos": {
        "x": 66.5,
        "y": 75,
        "z": 0
      }
    },
    "texture": "b88dca90-4e5d-42e8-8540-398cd4c80ffc@6c48a",
    "packable": true,
    "pixelsToUnit": 100,
    "pivot": {
      "x": 0.5,
      "y": 0.5
    },
    "meshType": 0
  }
}