{
  "__type__": "cc.SpriteFrame",
  "content": {
    "name": "fx_dodge",
    "atlas": "",
    "rect": {
      "x": 9,
      "y": 58,
      "width": 175,
      "height": 702
    },
    "offset": {
      "x": 0.5,
      "y": -25
    },
    "originalSize": {
      "width": 192,
      "height": 768
    },
    "rotated": false,
    "capInsets": [
      0,
      0,
      0,
      0
    ],
    "vertices": {
      "rawPosition": [
        -87.5,
        -351,
        0,
        87.5,
        -351,
        0,
        -87.5,
        351,
        0,
        87.5,
        351,
        0
      ],
      "indexes": [
        0,
        1,
        2,
        2,
        1,
        3
      ],
      "uv": [
        9,
        710,
        184,
        710,
        9,
        8,
        184,
        8
      ],
      "nuv": [
        0.046875,
        0.010416666666666666,
        0.9583333333333334,
        0.010416666666666666,
        0.046875,
        0.9244791666666666,
        0.9583333333333334,
        0.9244791666666666
      ],
      "minPos": {
        "x": -87.5,
        "y": -351,
        "z": 0
      },
      "maxPos": {
        "x": 87.5,
        "y": 351,
        "z": 0
      }
    },
    "texture": "b8a9f9ec-9e92-485d-af0d-38f98fda4792@6c48a",
    "packable": true,
    "pixelsToUnit": 100,
    "pivot": {
      "x": 0.5,
      "y": 0.5
    },
    "meshType": 0
  }
}