{
  "__type__": "cc.SpriteFrame",
  "content": {
    "name": "icon_item_scrollfire",
    "atlas": "",
    "rect": {
      "x": 30,
      "y": 21,
      "width": 131,
      "height": 150
    },
    "offset": {
      "x": -0.5,
      "y": 0
    },
    "originalSize": {
      "width": 192,
      "height": 192
    },
    "rotated": false,
    "capInsets": [
      0,
      0,
      0,
      0
    ],
    "vertices": {
      "rawPosition": [
        -65.5,
        -75,
        0,
        65.5,
        -75,
        0,
        -65.5,
        75,
        0,
        65.5,
        75,
        0
      ],
      "indexes": [
        0,
        1,
        2,
        2,
        1,
        3
      ],
      "uv": [
        30,
        171,
        161,
        171,
        30,
        21,
        161,
        21
      ],
      "nuv": [
        0.15625,
        0.109375,
        0.8385416666666666,
        0.109375,
        0.15625,
        0.890625,
        0.8385416666666666,
        0.890625
      ],
      "minPos": {
        "x": -65.5,
        "y": -75,
        "z": 0
      },
      "maxPos": {
        "x": 65.5,
        "y": 75,
        "z": 0
      }
    },
    "texture": "d327dc12-4481-4b9b-8d3a-2e8bb3f8708d@6c48a",
    "packable": true,
    "pixelsToUnit": 100,
    "pivot": {
      "x": 0.5,
      "y": 0.5
    },
    "meshType": 0
  }
}