{
  "__type__": "cc.SpriteFrame",
  "content": {
    "name": "boss_firelord_phasechange",
    "atlas": "",
    "rect": {
      "x": 9,
      "y": 4,
      "width": 77,
      "height": 88
    },
    "offset": {
      "x": -0.5,
      "y": 0
    },
    "originalSize": {
      "width": 96,
      "height": 96
    },
    "rotated": false,
    "capInsets": [
      0,
      0,
      0,
      0
    ],
    "vertices": {
      "rawPosition": [
        -38.5,
        -44,
        0,
        38.5,
        -44,
        0,
        -38.5,
        44,
        0,
        38.5,
        44,
        0
      ],
      "indexes": [
        0,
        1,
        2,
        2,
        1,
        3
      ],
      "uv": [
        9,
        92,
        86,
        92,
        9,
        4,
        86,
        4
      ],
      "nuv": [
        0.09375,
        0.041666666666666664,
        0.8958333333333334,
        0.041666666666666664,
        0.09375,
        0.9583333333333334,
        0.8958333333333334,
        0.9583333333333334
      ],
      "minPos": {
        "x": -38.5,
        "y": -44,
        "z": 0
      },
      "maxPos": {
        "x": 38.5,
        "y": 44,
        "z": 0
      }
    },
    "texture": "de6f10b0-104e-42bf-af11-f1310ae7a84b@6c48a",
    "packable": true,
    "pixelsToUnit": 100,
    "pivot": {
      "x": 0.5,
      "y": 0.5
    },
    "meshType": 0
  }
}