{
  "__type__": "cc.SpriteFrame",
  "content": {
    "name": "fx_relic_decoy_scroll",
    "atlas": "",
    "rect": {
      "x": 21,
      "y": 58,
      "width": 152,
      "height": 667
    },
    "offset": {
      "x": 1,
      "y": -7.5
    },
    "originalSize": {
      "width": 192,
      "height": 768
    },
    "rotated": false,
    "capInsets": [
      0,
      0,
      0,
      0
    ],
    "vertices": {
      "rawPosition": [
        -76,
        -333.5,
        0,
        76,
        -333.5,
        0,
        -76,
        333.5,
        0,
        76,
        333.5,
        0
      ],
      "indexes": [
        0,
        1,
        2,
        2,
        1,
        3
      ],
      "uv": [
        21,
        710,
        173,
        710,
        21,
        43,
        173,
        43
      ],
      "nuv": [
        0.109375,
        0.055989583333333336,
        0.9010416666666666,
        0.055989583333333336,
        0.109375,
        0.9244791666666666,
        0.9010416666666666,
        0.9244791666666666
      ],
      "minPos": {
        "x": -76,
        "y": -333.5,
        "z": 0
      },
      "maxPos": {
        "x": 76,
        "y": 333.5,
        "z": 0
      }
    },
    "texture": "5892cd52-c26d-4d15-b473-5de147b72ea6@6c48a",
    "packable": true,
    "pixelsToUnit": 100,
    "pivot": {
      "x": 0.5,
      "y": 0.5
    },
    "meshType": 0
  }
}