{
  "__type__": "cc.SpriteFrame",
  "content": {
    "name": "monster_volcano_demon_idle",
    "atlas": "",
    "rect": {
      "x": 8,
      "y": 0,
      "width": 175,
      "height": 192
    },
    "offset": {
      "x": -0.5,
      "y": 0
    },
    "originalSize": {
      "width": 192,
      "height": 192
    },
    "rotated": false,
    "capInsets": [
      0,
      0,
      0,
      0
    ],
    "vertices": {
      "rawPosition": [
        -87.5,
        -96,
        0,
        87.5,
        -96,
        0,
        -87.5,
        96,
        0,
        87.5,
        96,
        0
      ],
      "indexes": [
        0,
        1,
        2,
        2,
        1,
        3
      ],
      "uv": [
        8,
        192,
        183,
        192,
        8,
        0,
        183,
        0
      ],
      "nuv": [
        0.041666666666666664,
        0,
        0.953125,
        0,
        0.041666666666666664,
        1,
        0.953125,
        1
      ],
      "minPos": {
        "x": -87.5,
        "y": -96,
        "z": 0
      },
      "maxPos": {
        "x": 87.5,
        "y": 96,
        "z": 0
      }
    },
    "texture": "59100bb5-57b7-4c36-81e4-433254603a43@6c48a",
    "packable": true,
    "pixelsToUnit": 100,
    "pivot": {
      "x": 0.5,
      "y": 0.5
    },
    "meshType": 0
  }
}