{
  "__type__": "cc.SpriteFrame",
  "content": {
    "name": "boss_guardian_forest_skill",
    "atlas": "",
    "rect": {
      "x": 12,
      "y": 14,
      "width": 232,
      "height": 227
    },
    "offset": {
      "x": 0,
      "y": 0.5
    },
    "originalSize": {
      "width": 256,
      "height": 256
    },
    "rotated": false,
    "capInsets": [
      0,
      0,
      0,
      0
    ],
    "vertices": {
      "rawPosition": [
        -116,
        -113.5,
        0,
        116,
        -113.5,
        0,
        -116,
        113.5,
        0,
        116,
        113.5,
        0
      ],
      "indexes": [
        0,
        1,
        2,
        2,
        1,
        3
      ],
      "uv": [
        12,
        242,
        244,
        242,
        12,
        15,
        244,
        15
      ],
      "nuv": [
        0.046875,
        0.05859375,
        0.953125,
        0.05859375,
        0.046875,
        0.9453125,
        0.953125,
        0.9453125
      ],
      "minPos": {
        "x": -116,
        "y": -113.5,
        "z": 0
      },
      "maxPos": {
        "x": 116,
        "y": 113.5,
        "z": 0
      }
    },
    "texture": "596af48a-5d8c-4cd4-9df7-4846b178153a@6c48a",
    "packable": true,
    "pixelsToUnit": 100,
    "pivot": {
      "x": 0.5,
      "y": 0.5
    },
    "meshType": 0
  }
}