{
  "__type__": "cc.SpriteFrame",
  "content": {
    "name": "hud_hpbar_frame",
    "atlas": "",
    "rect": {
      "x": 91,
      "y": 5,
      "width": 79,
      "height": 44
    },
    "offset": {
      "x": 0.5,
      "y": 0
    },
    "originalSize": {
      "width": 260,
      "height": 54
    },
    "rotated": false,
    "capInsets": [
      0,
      0,
      0,
      0
    ],
    "vertices": {
      "rawPosition": [
        -39.5,
        -22,
        0,
        39.5,
        -22,
        0,
        -39.5,
        22,
        0,
        39.5,
        22,
        0
      ],
      "indexes": [
        0,
        1,
        2,
        2,
        1,
        3
      ],
      "uv": [
        91,
        49,
        170,
        49,
        91,
        5,
        170,
        5
      ],
      "nuv": [
        0.35,
        0.09259259259259259,
        0.6538461538461539,
        0.09259259259259259,
        0.35,
        0.9074074074074074,
        0.6538461538461539,
        0.9074074074074074
      ],
      "minPos": {
        "x": -39.5,
        "y": -22,
        "z": 0
      },
      "maxPos": {
        "x": 39.5,
        "y": 22,
        "z": 0
      }
    },
    "texture": "02f1180a-27ef-445e-b52d-38408eec5352@6c48a",
    "packable": true,
    "pixelsToUnit": 100,
    "pivot": {
      "x": 0.5,
      "y": 0.5
    },
    "meshType": 0
  }
}