{
  "__type__": "cc.SpriteFrame",
  "content": {
    "name": "icon_upgrade_windstep",
    "atlas": "",
    "rect": {
      "x": 4,
      "y": 4,
      "width": 121,
      "height": 121
    },
    "offset": {
      "x": 0.5,
      "y": -0.5
    },
    "originalSize": {
      "width": 128,
      "height": 128
    },
    "rotated": false,
    "capInsets": [
      0,
      0,
      0,
      0
    ],
    "vertices": {
      "rawPosition": [
        -60.5,
        -60.5,
        0,
        60.5,
        -60.5,
        0,
        -60.5,
        60.5,
        0,
        60.5,
        60.5,
        0
      ],
      "indexes": [
        0,
        1,
        2,
        2,
        1,
        3
      ],
      "uv": [
        4,
        124,
        125,
        124,
        4,
        3,
        125,
        3
      ],
      "nuv": [
        0.03125,
        0.0234375,
        0.9765625,
        0.0234375,
        0.03125,
        0.96875,
        0.9765625,
        0.96875
      ],
      "minPos": {
        "x": -60.5,
        "y": -60.5,
        "z": 0
      },
      "maxPos": {
        "x": 60.5,
        "y": 60.5,
        "z": 0
      }
    },
    "texture": "15c037bd-2a97-4c4a-bc3c-0951e9dcd57b@6c48a",
    "packable": true,
    "pixelsToUnit": 100,
    "pivot": {
      "x": 0.5,
      "y": 0.5
    },
    "meshType": 0
  }
}