{
  "__type__": "cc.SpriteFrame",
  "content": {
    "name": "fx_reaction_vaporize",
    "atlas": "",
    "rect": {
      "x": 8,
      "y": 54,
      "width": 153,
      "height": 711
    },
    "offset": {
      "x": -11.5,
      "y": -25.5
    },
    "originalSize": {
      "width": 192,
      "height": 768
    },
    "rotated": false,
    "capInsets": [
      0,
      0,
      0,
      0
    ],
    "vertices": {
      "rawPosition": [
        -76.5,
        -355.5,
        0,
        76.5,
        -355.5,
        0,
        -76.5,
        355.5,
        0,
        76.5,
        355.5,
        0
      ],
      "indexes": [
        0,
        1,
        2,
        2,
        1,
        3
      ],
      "uv": [
        8,
        714,
        161,
        714,
        8,
        3,
        161,
        3
      ],
      "nuv": [
        0.041666666666666664,
        0.00390625,
        0.8385416666666666,
        0.00390625,
        0.041666666666666664,
        0.9296875,
        0.8385416666666666,
        0.9296875
      ],
      "minPos": {
        "x": -76.5,
        "y": -355.5,
        "z": 0
      },
      "maxPos": {
        "x": 76.5,
        "y": 355.5,
        "z": 0
      }
    },
    "texture": "03a31ac7-6d4b-4da7-92e0-00d469c51f8e@6c48a",
    "packable": true,
    "pixelsToUnit": 100,
    "pivot": {
      "x": 0.5,
      "y": 0.5
    },
    "meshType": 0
  }
}