{
  "__type__": "cc.SpriteFrame",
  "content": {
    "name": "icon_skill_shield",
    "atlas": "",
    "rect": {
      "x": 32,
      "y": 21,
      "width": 128,
      "height": 150
    },
    "offset": {
      "x": 0,
      "y": 0
    },
    "originalSize": {
      "width": 192,
      "height": 192
    },
    "rotated": false,
    "capInsets": [
      0,
      0,
      0,
      0
    ],
    "vertices": {
      "rawPosition": [
        -64,
        -75,
        0,
        64,
        -75,
        0,
        -64,
        75,
        0,
        64,
        75,
        0
      ],
      "indexes": [
        0,
        1,
        2,
        2,
        1,
        3
      ],
      "uv": [
        32,
        171,
        160,
        171,
        32,
        21,
        160,
        21
      ],
      "nuv": [
        0.16666666666666666,
        0.109375,
        0.8333333333333334,
        0.109375,
        0.16666666666666666,
        0.890625,
        0.8333333333333334,
        0.890625
      ],
      "minPos": {
        "x": -64,
        "y": -75,
        "z": 0
      },
      "maxPos": {
        "x": 64,
        "y": 75,
        "z": 0
      }
    },
    "texture": "03f1db56-0062-4e03-a9c9-bd1814292f43@6c48a",
    "packable": true,
    "pixelsToUnit": 100,
    "pivot": {
      "x": 0.5,
      "y": 0.5
    },
    "meshType": 0
  }
}