{
  "__type__": "cc.SpriteFrame",
  "content": {
    "name": "icon_relic_thornarmor",
    "atlas": "",
    "rect": {
      "x": 28,
      "y": 21,
      "width": 136,
      "height": 150
    },
    "offset": {
      "x": 0,
      "y": 0
    },
    "originalSize": {
      "width": 192,
      "height": 192
    },
    "rotated": false,
    "capInsets": [
      0,
      0,
      0,
      0
    ],
    "vertices": {
      "rawPosition": [
        -68,
        -75,
        0,
        68,
        -75,
        0,
        -68,
        75,
        0,
        68,
        75,
        0
      ],
      "indexes": [
        0,
        1,
        2,
        2,
        1,
        3
      ],
      "uv": [
        28,
        171,
        164,
        171,
        28,
        21,
        164,
        21
      ],
      "nuv": [
        0.14583333333333334,
        0.109375,
        0.8541666666666666,
        0.109375,
        0.14583333333333334,
        0.890625,
        0.8541666666666666,
        0.890625
      ],
      "minPos": {
        "x": -68,
        "y": -75,
        "z": 0
      },
      "maxPos": {
        "x": 68,
        "y": 75,
        "z": 0
      }
    },
    "texture": "03f90727-6078-4237-865e-a6609cbd7da8@6c48a",
    "packable": true,
    "pixelsToUnit": 100,
    "pivot": {
      "x": 0.5,
      "y": 0.5
    },
    "meshType": 0
  }
}