{
  "__type__": "cc.SpriteFrame",
  "content": {
    "name": "miniboss_nightmareknight_idle",
    "atlas": "",
    "rect": {
      "x": 9,
      "y": 25,
      "width": 174,
      "height": 141
    },
    "offset": {
      "x": 0,
      "y": 0.5
    },
    "originalSize": {
      "width": 192,
      "height": 192
    },
    "rotated": false,
    "capInsets": [
      0,
      0,
      0,
      0
    ],
    "vertices": {
      "rawPosition": [
        -87,
        -70.5,
        0,
        87,
        -70.5,
        0,
        -87,
        70.5,
        0,
        87,
        70.5,
        0
      ],
      "indexes": [
        0,
        1,
        2,
        2,
        1,
        3
      ],
      "uv": [
        9,
        167,
        183,
        167,
        9,
        26,
        183,
        26
      ],
      "nuv": [
        0.046875,
        0.13541666666666666,
        0.953125,
        0.13541666666666666,
        0.046875,
        0.8697916666666666,
        0.953125,
        0.8697916666666666
      ],
      "minPos": {
        "x": -87,
        "y": -70.5,
        "z": 0
      },
      "maxPos": {
        "x": 87,
        "y": 70.5,
        "z": 0
      }
    },
    "texture": "03fd5551-faa0-408e-b764-7da8ed11ebe5@6c48a",
    "packable": true,
    "pixelsToUnit": 100,
    "pivot": {
      "x": 0.5,
      "y": 0.5
    },
    "meshType": 0
  }
}