{
  "__type__": "cc.SpriteFrame",
  "content": {
    "name": "icon_relic_timehourglass",
    "atlas": "",
    "rect": {
      "x": 48,
      "y": 21,
      "width": 94,
      "height": 149
    },
    "offset": {
      "x": -1,
      "y": 0.5
    },
    "originalSize": {
      "width": 192,
      "height": 192
    },
    "rotated": false,
    "capInsets": [
      0,
      0,
      0,
      0
    ],
    "vertices": {
      "rawPosition": [
        -47,
        -74.5,
        0,
        47,
        -74.5,
        0,
        -47,
        74.5,
        0,
        47,
        74.5,
        0
      ],
      "indexes": [
        0,
        1,
        2,
        2,
        1,
        3
      ],
      "uv": [
        48,
        171,
        142,
        171,
        48,
        22,
        142,
        22
      ],
      "nuv": [
        0.25,
        0.11458333333333333,
        0.7395833333333334,
        0.11458333333333333,
        0.25,
        0.890625,
        0.7395833333333334,
        0.890625
      ],
      "minPos": {
        "x": -47,
        "y": -74.5,
        "z": 0
      },
      "maxPos": {
        "x": 47,
        "y": 74.5,
        "z": 0
      }
    },
    "texture": "13b0f748-a66e-4aed-b8b3-fb36b58133d0@6c48a",
    "packable": true,
    "pixelsToUnit": 100,
    "pivot": {
      "x": 0.5,
      "y": 0.5
    },
    "meshType": 0
  }
}