{
  "__type__": "cc.SpriteFrame",
  "content": {
    "name": "icon_ability_holyshield",
    "atlas": "",
    "rect": {
      "x": 11,
      "y": 10,
      "width": 234,
      "height": 236
    },
    "offset": {
      "x": 0,
      "y": 0
    },
    "originalSize": {
      "width": 256,
      "height": 256
    },
    "rotated": false,
    "capInsets": [
      0,
      0,
      0,
      0
    ],
    "vertices": {
      "rawPosition": [
        -117,
        -118,
        0,
        117,
        -118,
        0,
        -117,
        118,
        0,
        117,
        118,
        0
      ],
      "indexes": [
        0,
        1,
        2,
        2,
        1,
        3
      ],
      "uv": [
        11,
        246,
        245,
        246,
        11,
        10,
        245,
        10
      ],
      "nuv": [
        0.04296875,
        0.0390625,
        0.95703125,
        0.0390625,
        0.04296875,
        0.9609375,
        0.95703125,
        0.9609375
      ],
      "minPos": {
        "x": -117,
        "y": -118,
        "z": 0
      },
      "maxPos": {
        "x": 117,
        "y": 118,
        "z": 0
      }
    },
    "texture": "9d3d26c3-a438-457c-9dff-4c41d91f979b@6c48a",
    "packable": true,
    "pixelsToUnit": 100,
    "pivot": {
      "x": 0.5,
      "y": 0.5
    },
    "meshType": 0
  }
}