{
  "__type__": "cc.SpriteFrame",
  "content": {
    "name": "icon_relic_gravitystone",
    "atlas": "",
    "rect": {
      "x": 30,
      "y": 21,
      "width": 132,
      "height": 150
    },
    "offset": {
      "x": 0,
      "y": 0
    },
    "originalSize": {
      "width": 192,
      "height": 192
    },
    "rotated": false,
    "capInsets": [
      0,
      0,
      0,
      0
    ],
    "vertices": {
      "rawPosition": [
        -66,
        -75,
        0,
        66,
        -75,
        0,
        -66,
        75,
        0,
        66,
        75,
        0
      ],
      "indexes": [
        0,
        1,
        2,
        2,
        1,
        3
      ],
      "uv": [
        30,
        171,
        162,
        171,
        30,
        21,
        162,
        21
      ],
      "nuv": [
        0.15625,
        0.109375,
        0.84375,
        0.109375,
        0.15625,
        0.890625,
        0.84375,
        0.890625
      ],
      "minPos": {
        "x": -66,
        "y": -75,
        "z": 0
      },
      "maxPos": {
        "x": 66,
        "y": 75,
        "z": 0
      }
    },
    "texture": "d132f588-ce6d-4868-8978-84429e38308f@6c48a",
    "packable": true,
    "pixelsToUnit": 100,
    "pivot": {
      "x": 0.5,
      "y": 0.5
    },
    "meshType": 0
  }
}