{
  "__type__": "cc.SpriteFrame",
  "content": {
    "name": "monster_abyss_voidwraith_idle",
    "atlas": "",
    "rect": {
      "x": 0,
      "y": 17,
      "width": 192,
      "height": 157
    },
    "offset": {
      "x": 0,
      "y": 0.5
    },
    "originalSize": {
      "width": 192,
      "height": 192
    },
    "rotated": false,
    "capInsets": [
      0,
      0,
      0,
      0
    ],
    "vertices": {
      "rawPosition": [
        -96,
        -78.5,
        0,
        96,
        -78.5,
        0,
        -96,
        78.5,
        0,
        96,
        78.5,
        0
      ],
      "indexes": [
        0,
        1,
        2,
        2,
        1,
        3
      ],
      "uv": [
        0,
        175,
        192,
        175,
        0,
        18,
        192,
        18
      ],
      "nuv": [
        0,
        0.09375,
        1,
        0.09375,
        0,
        0.9114583333333334,
        1,
        0.9114583333333334
      ],
      "minPos": {
        "x": -96,
        "y": -78.5,
        "z": 0
      },
      "maxPos": {
        "x": 96,
        "y": 78.5,
        "z": 0
      }
    },
    "texture": "d1782be3-1a2f-4954-ad62-70035335e104@6c48a",
    "packable": true,
    "pixelsToUnit": 100,
    "pivot": {
      "x": 0.5,
      "y": 0.5
    },
    "meshType": 0
  }
}