{
  "__type__": "cc.SpriteFrame",
  "content": {
    "name": "icon_relic_blinkstone",
    "atlas": "",
    "rect": {
      "x": 25,
      "y": 21,
      "width": 141,
      "height": 150
    },
    "offset": {
      "x": -0.5,
      "y": 0
    },
    "originalSize": {
      "width": 192,
      "height": 192
    },
    "rotated": false,
    "capInsets": [
      0,
      0,
      0,
      0
    ],
    "vertices": {
      "rawPosition": [
        -70.5,
        -75,
        0,
        70.5,
        -75,
        0,
        -70.5,
        75,
        0,
        70.5,
        75,
        0
      ],
      "indexes": [
        0,
        1,
        2,
        2,
        1,
        3
      ],
      "uv": [
        25,
        171,
        166,
        171,
        25,
        21,
        166,
        21
      ],
      "nuv": [
        0.13020833333333334,
        0.109375,
        0.8645833333333334,
        0.109375,
        0.13020833333333334,
        0.890625,
        0.8645833333333334,
        0.890625
      ],
      "minPos": {
        "x": -70.5,
        "y": -75,
        "z": 0
      },
      "maxPos": {
        "x": 70.5,
        "y": 75,
        "z": 0
      }
    },
    "texture": "d1dd8698-de60-407b-b3e6-6305ad2e5102@6c48a",
    "packable": true,
    "pixelsToUnit": 100,
    "pivot": {
      "x": 0.5,
      "y": 0.5
    },
    "meshType": 0
  }
}