{
  "__type__": "cc.SpriteFrame",
  "content": {
    "name": "miniboss_lich_idle",
    "atlas": "",
    "rect": {
      "x": 9,
      "y": 9,
      "width": 174,
      "height": 174
    },
    "offset": {
      "x": 0,
      "y": 0
    },
    "originalSize": {
      "width": 192,
      "height": 192
    },
    "rotated": false,
    "capInsets": [
      0,
      0,
      0,
      0
    ],
    "vertices": {
      "rawPosition": [
        -87,
        -87,
        0,
        87,
        -87,
        0,
        -87,
        87,
        0,
        87,
        87,
        0
      ],
      "indexes": [
        0,
        1,
        2,
        2,
        1,
        3
      ],
      "uv": [
        9,
        183,
        183,
        183,
        9,
        9,
        183,
        9
      ],
      "nuv": [
        0.046875,
        0.046875,
        0.953125,
        0.046875,
        0.046875,
        0.953125,
        0.953125,
        0.953125
      ],
      "minPos": {
        "x": -87,
        "y": -87,
        "z": 0
      },
      "maxPos": {
        "x": 87,
        "y": 87,
        "z": 0
      }
    },
    "texture": "ba05d434-e400-498d-bc81-ebc905590236@6c48a",
    "packable": true,
    "pixelsToUnit": 100,
    "pivot": {
      "x": 0.5,
      "y": 0.5
    },
    "meshType": 0
  }
}