{
  "__type__": "cc.SpriteFrame",
  "content": {
    "name": "icon_skill_snapshot",
    "atlas": "",
    "rect": {
      "x": 23,
      "y": 21,
      "width": 145,
      "height": 150
    },
    "offset": {
      "x": -0.5,
      "y": 0
    },
    "originalSize": {
      "width": 192,
      "height": 192
    },
    "rotated": false,
    "capInsets": [
      0,
      0,
      0,
      0
    ],
    "vertices": {
      "rawPosition": [
        -72.5,
        -75,
        0,
        72.5,
        -75,
        0,
        -72.5,
        75,
        0,
        72.5,
        75,
        0
      ],
      "indexes": [
        0,
        1,
        2,
        2,
        1,
        3
      ],
      "uv": [
        23,
        171,
        168,
        171,
        23,
        21,
        168,
        21
      ],
      "nuv": [
        0.11979166666666667,
        0.109375,
        0.875,
        0.109375,
        0.11979166666666667,
        0.890625,
        0.875,
        0.890625
      ],
      "minPos": {
        "x": -72.5,
        "y": -75,
        "z": 0
      },
      "maxPos": {
        "x": 72.5,
        "y": 75,
        "z": 0
      }
    },
    "texture": "bab86543-ede8-46aa-9214-8c5907eb07a5@6c48a",
    "packable": true,
    "pixelsToUnit": 100,
    "pivot": {
      "x": 0.5,
      "y": 0.5
    },
    "meshType": 0
  }
}