{
  "__type__": "cc.SpriteFrame",
  "content": {
    "name": "icon_skill_elementburst",
    "atlas": "",
    "rect": {
      "x": 21,
      "y": 21,
      "width": 149,
      "height": 150
    },
    "offset": {
      "x": -0.5,
      "y": 0
    },
    "originalSize": {
      "width": 192,
      "height": 192
    },
    "rotated": false,
    "capInsets": [
      0,
      0,
      0,
      0
    ],
    "vertices": {
      "rawPosition": [
        -74.5,
        -75,
        0,
        74.5,
        -75,
        0,
        -74.5,
        75,
        0,
        74.5,
        75,
        0
      ],
      "indexes": [
        0,
        1,
        2,
        2,
        1,
        3
      ],
      "uv": [
        21,
        171,
        170,
        171,
        21,
        21,
        170,
        21
      ],
      "nuv": [
        0.109375,
        0.109375,
        0.8854166666666666,
        0.109375,
        0.109375,
        0.890625,
        0.8854166666666666,
        0.890625
      ],
      "minPos": {
        "x": -74.5,
        "y": -75,
        "z": 0
      },
      "maxPos": {
        "x": 74.5,
        "y": 75,
        "z": 0
      }
    },
    "texture": "babf5cdd-eb15-4d8e-bc33-4bf548b04d96@6c48a",
    "packable": true,
    "pixelsToUnit": 100,
    "pivot": {
      "x": 0.5,
      "y": 0.5
    },
    "meshType": 0
  }
}