{
  "__type__": "cc.SpriteFrame",
  "content": {
    "name": "icon_element_fire",
    "atlas": "",
    "rect": {
      "x": 33,
      "y": 21,
      "width": 125,
      "height": 150
    },
    "offset": {
      "x": -0.5,
      "y": 0
    },
    "originalSize": {
      "width": 192,
      "height": 192
    },
    "rotated": false,
    "capInsets": [
      0,
      0,
      0,
      0
    ],
    "vertices": {
      "rawPosition": [
        -62.5,
        -75,
        0,
        62.5,
        -75,
        0,
        -62.5,
        75,
        0,
        62.5,
        75,
        0
      ],
      "indexes": [
        0,
        1,
        2,
        2,
        1,
        3
      ],
      "uv": [
        33,
        171,
        158,
        171,
        33,
        21,
        158,
        21
      ],
      "nuv": [
        0.171875,
        0.109375,
        0.8229166666666666,
        0.109375,
        0.171875,
        0.890625,
        0.8229166666666666,
        0.890625
      ],
      "minPos": {
        "x": -62.5,
        "y": -75,
        "z": 0
      },
      "maxPos": {
        "x": 62.5,
        "y": 75,
        "z": 0
      }
    },
    "texture": "eb9d0709-e346-4599-bea2-f2886fcffaee@6c48a",
    "packable": true,
    "pixelsToUnit": 100,
    "pivot": {
      "x": 0.5,
      "y": 0.5
    },
    "meshType": 0
  }
}