{
  "__type__": "cc.SpriteFrame",
  "content": {
    "name": "monster_tundra_iceskeleton_idle",
    "atlas": "",
    "rect": {
      "x": 19,
      "y": 0,
      "width": 153,
      "height": 192
    },
    "offset": {
      "x": -0.5,
      "y": 0
    },
    "originalSize": {
      "width": 192,
      "height": 192
    },
    "rotated": false,
    "capInsets": [
      0,
      0,
      0,
      0
    ],
    "vertices": {
      "rawPosition": [
        -76.5,
        -96,
        0,
        76.5,
        -96,
        0,
        -76.5,
        96,
        0,
        76.5,
        96,
        0
      ],
      "indexes": [
        0,
        1,
        2,
        2,
        1,
        3
      ],
      "uv": [
        19,
        192,
        172,
        192,
        19,
        0,
        172,
        0
      ],
      "nuv": [
        0.09895833333333333,
        0,
        0.8958333333333334,
        0,
        0.09895833333333333,
        1,
        0.8958333333333334,
        1
      ],
      "minPos": {
        "x": -76.5,
        "y": -96,
        "z": 0
      },
      "maxPos": {
        "x": 76.5,
        "y": 96,
        "z": 0
      }
    },
    "texture": "40a0e51d-ad08-4ebb-9165-e136a6fd8697@6c48a",
    "packable": true,
    "pixelsToUnit": 100,
    "pivot": {
      "x": 0.5,
      "y": 0.5
    },
    "meshType": 0
  }
}