{
  "__type__": "cc.SpriteFrame",
  "content": {
    "name": "icon_buff_speedup",
    "atlas": "",
    "rect": {
      "x": 21,
      "y": 25,
      "width": 150,
      "height": 141
    },
    "offset": {
      "x": 0,
      "y": 0.5
    },
    "originalSize": {
      "width": 192,
      "height": 192
    },
    "rotated": false,
    "capInsets": [
      0,
      0,
      0,
      0
    ],
    "vertices": {
      "rawPosition": [
        -75,
        -70.5,
        0,
        75,
        -70.5,
        0,
        -75,
        70.5,
        0,
        75,
        70.5,
        0
      ],
      "indexes": [
        0,
        1,
        2,
        2,
        1,
        3
      ],
      "uv": [
        21,
        167,
        171,
        167,
        21,
        26,
        171,
        26
      ],
      "nuv": [
        0.109375,
        0.13541666666666666,
        0.890625,
        0.13541666666666666,
        0.109375,
        0.8697916666666666,
        0.890625,
        0.8697916666666666
      ],
      "minPos": {
        "x": -75,
        "y": -70.5,
        "z": 0
      },
      "maxPos": {
        "x": 75,
        "y": 70.5,
        "z": 0
      }
    },
    "texture": "31b9953b-9530-45ad-bfa9-dd02fb83b577@6c48a",
    "packable": true,
    "pixelsToUnit": 100,
    "pivot": {
      "x": 0.5,
      "y": 0.5
    },
    "meshType": 0
  }
}