{
  "__type__": "cc.SpriteFrame",
  "content": {
    "name": "icon_item_scrollholy",
    "atlas": "",
    "rect": {
      "x": 32,
      "y": 21,
      "width": 127,
      "height": 150
    },
    "offset": {
      "x": -0.5,
      "y": 0
    },
    "originalSize": {
      "width": 192,
      "height": 192
    },
    "rotated": false,
    "capInsets": [
      0,
      0,
      0,
      0
    ],
    "vertices": {
      "rawPosition": [
        -63.5,
        -75,
        0,
        63.5,
        -75,
        0,
        -63.5,
        75,
        0,
        63.5,
        75,
        0
      ],
      "indexes": [
        0,
        1,
        2,
        2,
        1,
        3
      ],
      "uv": [
        32,
        171,
        159,
        171,
        32,
        21,
        159,
        21
      ],
      "nuv": [
        0.16666666666666666,
        0.109375,
        0.828125,
        0.109375,
        0.16666666666666666,
        0.890625,
        0.828125,
        0.890625
      ],
      "minPos": {
        "x": -63.5,
        "y": -75,
        "z": 0
      },
      "maxPos": {
        "x": 63.5,
        "y": 75,
        "z": 0
      }
    },
    "texture": "96624fb9-ca9b-4782-a8e5-d6d41185933c@6c48a",
    "packable": true,
    "pixelsToUnit": 100,
    "pivot": {
      "x": 0.5,
      "y": 0.5
    },
    "meshType": 0
  }
}