{
  "__type__": "cc.SpriteFrame",
  "content": {
    "name": "miniboss_inferno_idle",
    "atlas": "",
    "rect": {
      "x": 29,
      "y": 9,
      "width": 134,
      "height": 174
    },
    "offset": {
      "x": 0,
      "y": 0
    },
    "originalSize": {
      "width": 192,
      "height": 192
    },
    "rotated": false,
    "capInsets": [
      0,
      0,
      0,
      0
    ],
    "vertices": {
      "rawPosition": [
        -67,
        -87,
        0,
        67,
        -87,
        0,
        -67,
        87,
        0,
        67,
        87,
        0
      ],
      "indexes": [
        0,
        1,
        2,
        2,
        1,
        3
      ],
      "uv": [
        29,
        183,
        163,
        183,
        29,
        9,
        163,
        9
      ],
      "nuv": [
        0.15104166666666666,
        0.046875,
        0.8489583333333334,
        0.046875,
        0.15104166666666666,
        0.953125,
        0.8489583333333334,
        0.953125
      ],
      "minPos": {
        "x": -67,
        "y": -87,
        "z": 0
      },
      "maxPos": {
        "x": 67,
        "y": 87,
        "z": 0
      }
    },
    "texture": "303cee43-b548-4d97-9437-7c09507ed64a@6c48a",
    "packable": true,
    "pixelsToUnit": 100,
    "pivot": {
      "x": 0.5,
      "y": 0.5
    },
    "meshType": 0
  }
}