{
  "__type__": "cc.SpriteFrame",
  "content": {
    "name": "boss_abyssoverlord_idle",
    "atlas": "",
    "rect": {
      "x": 60,
      "y": 12,
      "width": 135,
      "height": 232
    },
    "offset": {
      "x": -0.5,
      "y": 0
    },
    "originalSize": {
      "width": 256,
      "height": 256
    },
    "rotated": false,
    "capInsets": [
      0,
      0,
      0,
      0
    ],
    "vertices": {
      "rawPosition": [
        -67.5,
        -116,
        0,
        67.5,
        -116,
        0,
        -67.5,
        116,
        0,
        67.5,
        116,
        0
      ],
      "indexes": [
        0,
        1,
        2,
        2,
        1,
        3
      ],
      "uv": [
        60,
        244,
        195,
        244,
        60,
        12,
        195,
        12
      ],
      "nuv": [
        0.234375,
        0.046875,
        0.76171875,
        0.046875,
        0.234375,
        0.953125,
        0.76171875,
        0.953125
      ],
      "minPos": {
        "x": -67.5,
        "y": -116,
        "z": 0
      },
      "maxPos": {
        "x": 67.5,
        "y": 116,
        "z": 0
      }
    },
    "texture": "2f9c31a4-9cf1-4a9f-ac24-a91f1114e0cf@6c48a",
    "packable": true,
    "pixelsToUnit": 100,
    "pivot": {
      "x": 0.5,
      "y": 0.5
    },
    "meshType": 0
  }
}