{
  "__type__": "cc.SpriteFrame",
  "content": {
    "name": "monster_volcano_fireelemental_idle",
    "atlas": "",
    "rect": {
      "x": 0,
      "y": 8,
      "width": 192,
      "height": 176
    },
    "offset": {
      "x": 0,
      "y": 0
    },
    "originalSize": {
      "width": 192,
      "height": 192
    },
    "rotated": false,
    "capInsets": [
      0,
      0,
      0,
      0
    ],
    "vertices": {
      "rawPosition": [
        -96,
        -88,
        0,
        96,
        -88,
        0,
        -96,
        88,
        0,
        96,
        88,
        0
      ],
      "indexes": [
        0,
        1,
        2,
        2,
        1,
        3
      ],
      "uv": [
        0,
        184,
        192,
        184,
        0,
        8,
        192,
        8
      ],
      "nuv": [
        0,
        0.041666666666666664,
        1,
        0.041666666666666664,
        0,
        0.9583333333333334,
        1,
        0.9583333333333334
      ],
      "minPos": {
        "x": -96,
        "y": -88,
        "z": 0
      },
      "maxPos": {
        "x": 96,
        "y": 88,
        "z": 0
      }
    },
    "texture": "2fb58813-4981-4e33-a462-37820dc2c020@6c48a",
    "packable": true,
    "pixelsToUnit": 100,
    "pivot": {
      "x": 0.5,
      "y": 0.5
    },
    "meshType": 0
  }
}