{
  "__type__": "cc.SpriteFrame",
  "content": {
    "name": "miniboss_swampcrocodile_idle",
    "atlas": "",
    "rect": {
      "x": 9,
      "y": 40,
      "width": 174,
      "height": 111
    },
    "offset": {
      "x": 0,
      "y": 0.5
    },
    "originalSize": {
      "width": 192,
      "height": 192
    },
    "rotated": false,
    "capInsets": [
      0,
      0,
      0,
      0
    ],
    "vertices": {
      "rawPosition": [
        -87,
        -55.5,
        0,
        87,
        -55.5,
        0,
        -87,
        55.5,
        0,
        87,
        55.5,
        0
      ],
      "indexes": [
        0,
        1,
        2,
        2,
        1,
        3
      ],
      "uv": [
        9,
        152,
        183,
        152,
        9,
        41,
        183,
        41
      ],
      "nuv": [
        0.046875,
        0.21354166666666666,
        0.953125,
        0.21354166666666666,
        0.046875,
        0.7916666666666666,
        0.953125,
        0.7916666666666666
      ],
      "minPos": {
        "x": -87,
        "y": -55.5,
        "z": 0
      },
      "maxPos": {
        "x": 87,
        "y": 55.5,
        "z": 0
      }
    },
    "texture": "145455d2-73d4-4a6f-8e7f-adcb02cd8ddf@6c48a",
    "packable": true,
    "pixelsToUnit": 100,
    "pivot": {
      "x": 0.5,
      "y": 0.5
    },
    "meshType": 0
  }
}