{
  "__type__": "cc.SpriteFrame",
  "content": {
    "name": "icon_skill_healwave",
    "atlas": "",
    "rect": {
      "x": 23,
      "y": 21,
      "width": 146,
      "height": 150
    },
    "offset": {
      "x": 0,
      "y": 0
    },
    "originalSize": {
      "width": 192,
      "height": 192
    },
    "rotated": false,
    "capInsets": [
      0,
      0,
      0,
      0
    ],
    "vertices": {
      "rawPosition": [
        -73,
        -75,
        0,
        73,
        -75,
        0,
        -73,
        75,
        0,
        73,
        75,
        0
      ],
      "indexes": [
        0,
        1,
        2,
        2,
        1,
        3
      ],
      "uv": [
        23,
        171,
        169,
        171,
        23,
        21,
        169,
        21
      ],
      "nuv": [
        0.11979166666666667,
        0.109375,
        0.8802083333333334,
        0.109375,
        0.11979166666666667,
        0.890625,
        0.8802083333333334,
        0.890625
      ],
      "minPos": {
        "x": -73,
        "y": -75,
        "z": 0
      },
      "maxPos": {
        "x": 73,
        "y": 75,
        "z": 0
      }
    },
    "texture": "5ef23b90-92bc-42f0-8653-92e2c23d8b30@6c48a",
    "packable": true,
    "pixelsToUnit": 100,
    "pivot": {
      "x": 0.5,
      "y": 0.5
    },
    "meshType": 0
  }
}