{
  "__type__": "cc.SpriteFrame",
  "content": {
    "name": "boss_skeletonlord_phasechange",
    "atlas": "",
    "rect": {
      "x": 4,
      "y": 5,
      "width": 88,
      "height": 86
    },
    "offset": {
      "x": 0,
      "y": 0
    },
    "originalSize": {
      "width": 96,
      "height": 96
    },
    "rotated": false,
    "capInsets": [
      0,
      0,
      0,
      0
    ],
    "vertices": {
      "rawPosition": [
        -44,
        -43,
        0,
        44,
        -43,
        0,
        -44,
        43,
        0,
        44,
        43,
        0
      ],
      "indexes": [
        0,
        1,
        2,
        2,
        1,
        3
      ],
      "uv": [
        4,
        91,
        92,
        91,
        4,
        5,
        92,
        5
      ],
      "nuv": [
        0.041666666666666664,
        0.052083333333333336,
        0.9583333333333334,
        0.052083333333333336,
        0.041666666666666664,
        0.9479166666666666,
        0.9583333333333334,
        0.9479166666666666
      ],
      "minPos": {
        "x": -44,
        "y": -43,
        "z": 0
      },
      "maxPos": {
        "x": 44,
        "y": 43,
        "z": 0
      }
    },
    "texture": "b4166a6e-4a8e-4f0f-b209-c7b0d94efa6b@6c48a",
    "packable": true,
    "pixelsToUnit": 100,
    "pivot": {
      "x": 0.5,
      "y": 0.5
    },
    "meshType": 0
  }
}