{
  "__type__": "cc.SpriteFrame",
  "content": {
    "name": "equip_slot_gloves",
    "atlas": "",
    "rect": {
      "x": 3,
      "y": 3,
      "width": 91,
      "height": 91
    },
    "offset": {
      "x": 0.5,
      "y": -0.5
    },
    "originalSize": {
      "width": 96,
      "height": 96
    },
    "rotated": false,
    "capInsets": [
      0,
      0,
      0,
      0
    ],
    "vertices": {
      "rawPosition": [
        -45.5,
        -45.5,
        0,
        45.5,
        -45.5,
        0,
        -45.5,
        45.5,
        0,
        45.5,
        45.5,
        0
      ],
      "indexes": [
        0,
        1,
        2,
        2,
        1,
        3
      ],
      "uv": [
        3,
        93,
        94,
        93,
        3,
        2,
        94,
        2
      ],
      "nuv": [
        0.03125,
        0.020833333333333332,
        0.9791666666666666,
        0.020833333333333332,
        0.03125,
        0.96875,
        0.9791666666666666,
        0.96875
      ],
      "minPos": {
        "x": -45.5,
        "y": -45.5,
        "z": 0
      },
      "maxPos": {
        "x": 45.5,
        "y": 45.5,
        "z": 0
      }
    },
    "texture": "b462b485-84ee-47d2-84dc-5dbac5f683a4@6c48a",
    "packable": true,
    "pixelsToUnit": 100,
    "pivot": {
      "x": 0.5,
      "y": 0.5
    },
    "meshType": 0
  }
}