{
  "__type__": "cc.SpriteFrame",
  "content": {
    "name": "boss_lord_catacombs_attack",
    "atlas": "",
    "rect": {
      "x": 16,
      "y": 12,
      "width": 224,
      "height": 232
    },
    "offset": {
      "x": 0,
      "y": 0
    },
    "originalSize": {
      "width": 256,
      "height": 256
    },
    "rotated": false,
    "capInsets": [
      0,
      0,
      0,
      0
    ],
    "vertices": {
      "rawPosition": [
        -112,
        -116,
        0,
        112,
        -116,
        0,
        -112,
        116,
        0,
        112,
        116,
        0
      ],
      "indexes": [
        0,
        1,
        2,
        2,
        1,
        3
      ],
      "uv": [
        16,
        244,
        240,
        244,
        16,
        12,
        240,
        12
      ],
      "nuv": [
        0.0625,
        0.046875,
        0.9375,
        0.046875,
        0.0625,
        0.953125,
        0.9375,
        0.953125
      ],
      "minPos": {
        "x": -112,
        "y": -116,
        "z": 0
      },
      "maxPos": {
        "x": 112,
        "y": 116,
        "z": 0
      }
    },
    "texture": "63aaf199-6f88-4761-bf2e-ac7e735b7d03@6c48a",
    "packable": true,
    "pixelsToUnit": 100,
    "pivot": {
      "x": 0.5,
      "y": 0.5
    },
    "meshType": 0
  }
}