{
  "__type__": "cc.SpriteFrame",
  "content": {
    "name": "fx_relic_flame_ring",
    "atlas": "",
    "rect": {
      "x": 9,
      "y": 41,
      "width": 175,
      "height": 719
    },
    "offset": {
      "x": 0.5,
      "y": -16.5
    },
    "originalSize": {
      "width": 192,
      "height": 768
    },
    "rotated": false,
    "capInsets": [
      0,
      0,
      0,
      0
    ],
    "vertices": {
      "rawPosition": [
        -87.5,
        -359.5,
        0,
        87.5,
        -359.5,
        0,
        -87.5,
        359.5,
        0,
        87.5,
        359.5,
        0
      ],
      "indexes": [
        0,
        1,
        2,
        2,
        1,
        3
      ],
      "uv": [
        9,
        727,
        184,
        727,
        9,
        8,
        184,
        8
      ],
      "nuv": [
        0.046875,
        0.010416666666666666,
        0.9583333333333334,
        0.010416666666666666,
        0.046875,
        0.9466145833333334,
        0.9583333333333334,
        0.9466145833333334
      ],
      "minPos": {
        "x": -87.5,
        "y": -359.5,
        "z": 0
      },
      "maxPos": {
        "x": 87.5,
        "y": 359.5,
        "z": 0
      }
    },
    "texture": "88dd9d4a-eebf-441d-ab90-6741d88b1fd2@6c48a",
    "packable": true,
    "pixelsToUnit": 100,
    "pivot": {
      "x": 0.5,
      "y": 0.5
    },
    "meshType": 0
  }
}