{
  "__type__": "cc.SpriteFrame",
  "content": {
    "name": "icon_buff_stealth",
    "atlas": "",
    "rect": {
      "x": 26,
      "y": 21,
      "width": 140,
      "height": 149
    },
    "offset": {
      "x": 0,
      "y": 0.5
    },
    "originalSize": {
      "width": 192,
      "height": 192
    },
    "rotated": false,
    "capInsets": [
      0,
      0,
      0,
      0
    ],
    "vertices": {
      "rawPosition": [
        -70,
        -74.5,
        0,
        70,
        -74.5,
        0,
        -70,
        74.5,
        0,
        70,
        74.5,
        0
      ],
      "indexes": [
        0,
        1,
        2,
        2,
        1,
        3
      ],
      "uv": [
        26,
        171,
        166,
        171,
        26,
        22,
        166,
        22
      ],
      "nuv": [
        0.13541666666666666,
        0.11458333333333333,
        0.8645833333333334,
        0.11458333333333333,
        0.13541666666666666,
        0.890625,
        0.8645833333333334,
        0.890625
      ],
      "minPos": {
        "x": -70,
        "y": -74.5,
        "z": 0
      },
      "maxPos": {
        "x": 70,
        "y": 74.5,
        "z": 0
      }
    },
    "texture": "5529218b-a147-4ab0-b6fd-aa92a6ab17dd@6c48a",
    "packable": true,
    "pixelsToUnit": 100,
    "pivot": {
      "x": 0.5,
      "y": 0.5
    },
    "meshType": 0
  }
}