{
  "__type__": "cc.SpriteFrame",
  "content": {
    "name": "boss_forestguardian_idle",
    "atlas": "",
    "rect": {
      "x": 27,
      "y": 12,
      "width": 202,
      "height": 232
    },
    "offset": {
      "x": 0,
      "y": 0
    },
    "originalSize": {
      "width": 256,
      "height": 256
    },
    "rotated": false,
    "capInsets": [
      0,
      0,
      0,
      0
    ],
    "vertices": {
      "rawPosition": [
        -101,
        -116,
        0,
        101,
        -116,
        0,
        -101,
        116,
        0,
        101,
        116,
        0
      ],
      "indexes": [
        0,
        1,
        2,
        2,
        1,
        3
      ],
      "uv": [
        27,
        244,
        229,
        244,
        27,
        12,
        229,
        12
      ],
      "nuv": [
        0.10546875,
        0.046875,
        0.89453125,
        0.046875,
        0.10546875,
        0.953125,
        0.89453125,
        0.953125
      ],
      "minPos": {
        "x": -101,
        "y": -116,
        "z": 0
      },
      "maxPos": {
        "x": 101,
        "y": 116,
        "z": 0
      }
    },
    "texture": "55829b7f-5c33-4193-a3c8-19e76c25a406@6c48a",
    "packable": true,
    "pixelsToUnit": 100,
    "pivot": {
      "x": 0.5,
      "y": 0.5
    },
    "meshType": 0
  }
}