{
  "__type__": "cc.SpriteFrame",
  "content": {
    "name": "monster_tundra_frostmage_idle",
    "atlas": "",
    "rect": {
      "x": 3,
      "y": 0,
      "width": 185,
      "height": 192
    },
    "offset": {
      "x": -0.5,
      "y": 0
    },
    "originalSize": {
      "width": 192,
      "height": 192
    },
    "rotated": false,
    "capInsets": [
      0,
      0,
      0,
      0
    ],
    "vertices": {
      "rawPosition": [
        -92.5,
        -96,
        0,
        92.5,
        -96,
        0,
        -92.5,
        96,
        0,
        92.5,
        96,
        0
      ],
      "indexes": [
        0,
        1,
        2,
        2,
        1,
        3
      ],
      "uv": [
        3,
        192,
        188,
        192,
        3,
        0,
        188,
        0
      ],
      "nuv": [
        0.015625,
        0,
        0.9791666666666666,
        0,
        0.015625,
        1,
        0.9791666666666666,
        1
      ],
      "minPos": {
        "x": -92.5,
        "y": -96,
        "z": 0
      },
      "maxPos": {
        "x": 92.5,
        "y": 96,
        "z": 0
      }
    },
    "texture": "55d18ce6-5cd7-43b7-81e5-e28183b7ea9b@6c48a",
    "packable": true,
    "pixelsToUnit": 100,
    "pivot": {
      "x": 0.5,
      "y": 0.5
    },
    "meshType": 0
  }
}