{
  "__type__": "cc.SpriteFrame",
  "content": {
    "name": "icon_item_scrollshadow",
    "atlas": "",
    "rect": {
      "x": 33,
      "y": 21,
      "width": 126,
      "height": 150
    },
    "offset": {
      "x": 0,
      "y": 0
    },
    "originalSize": {
      "width": 192,
      "height": 192
    },
    "rotated": false,
    "capInsets": [
      0,
      0,
      0,
      0
    ],
    "vertices": {
      "rawPosition": [
        -63,
        -75,
        0,
        63,
        -75,
        0,
        -63,
        75,
        0,
        63,
        75,
        0
      ],
      "indexes": [
        0,
        1,
        2,
        2,
        1,
        3
      ],
      "uv": [
        33,
        171,
        159,
        171,
        33,
        21,
        159,
        21
      ],
      "nuv": [
        0.171875,
        0.109375,
        0.828125,
        0.109375,
        0.171875,
        0.890625,
        0.828125,
        0.890625
      ],
      "minPos": {
        "x": -63,
        "y": -75,
        "z": 0
      },
      "maxPos": {
        "x": 63,
        "y": 75,
        "z": 0
      }
    },
    "texture": "381fac61-b302-4ae9-971c-0c506f3aa30b@6c48a",
    "packable": true,
    "pixelsToUnit": 100,
    "pivot": {
      "x": 0.5,
      "y": 0.5
    },
    "meshType": 0
  }
}