{
  "__type__": "cc.SpriteFrame",
  "content": {
    "name": "icon_ability_warcry",
    "atlas": "",
    "rect": {
      "x": 10,
      "y": 11,
      "width": 236,
      "height": 233
    },
    "offset": {
      "x": 0,
      "y": 0.5
    },
    "originalSize": {
      "width": 256,
      "height": 256
    },
    "rotated": false,
    "capInsets": [
      0,
      0,
      0,
      0
    ],
    "vertices": {
      "rawPosition": [
        -118,
        -116.5,
        0,
        118,
        -116.5,
        0,
        -118,
        116.5,
        0,
        118,
        116.5,
        0
      ],
      "indexes": [
        0,
        1,
        2,
        2,
        1,
        3
      ],
      "uv": [
        10,
        245,
        246,
        245,
        10,
        12,
        246,
        12
      ],
      "nuv": [
        0.0390625,
        0.046875,
        0.9609375,
        0.046875,
        0.0390625,
        0.95703125,
        0.9609375,
        0.95703125
      ],
      "minPos": {
        "x": -118,
        "y": -116.5,
        "z": 0
      },
      "maxPos": {
        "x": 118,
        "y": 116.5,
        "z": 0
      }
    },
    "texture": "38d3972e-9eec-45a0-b02e-d0f1b7015dc5@6c48a",
    "packable": true,
    "pixelsToUnit": 100,
    "pivot": {
      "x": 0.5,
      "y": 0.5
    },
    "meshType": 0
  }
}