{
  "__type__": "cc.SpriteFrame",
  "content": {
    "name": "boss_frostqueen_idle",
    "atlas": "",
    "rect": {
      "x": 65,
      "y": 12,
      "width": 125,
      "height": 232
    },
    "offset": {
      "x": -0.5,
      "y": 0
    },
    "originalSize": {
      "width": 256,
      "height": 256
    },
    "rotated": false,
    "capInsets": [
      0,
      0,
      0,
      0
    ],
    "vertices": {
      "rawPosition": [
        -62.5,
        -116,
        0,
        62.5,
        -116,
        0,
        -62.5,
        116,
        0,
        62.5,
        116,
        0
      ],
      "indexes": [
        0,
        1,
        2,
        2,
        1,
        3
      ],
      "uv": [
        65,
        244,
        190,
        244,
        65,
        12,
        190,
        12
      ],
      "nuv": [
        0.25390625,
        0.046875,
        0.7421875,
        0.046875,
        0.25390625,
        0.953125,
        0.7421875,
        0.953125
      ],
      "minPos": {
        "x": -62.5,
        "y": -116,
        "z": 0
      },
      "maxPos": {
        "x": 62.5,
        "y": 116,
        "z": 0
      }
    },
    "texture": "ce283c76-5bd7-4164-8c01-9c6500d2dd4f@6c48a",
    "packable": true,
    "pixelsToUnit": 100,
    "pivot": {
      "x": 0.5,
      "y": 0.5
    },
    "meshType": 0
  }
}