{
  "__type__": "cc.SpriteFrame",
  "content": {
    "name": "icon_relic_frostamulet",
    "atlas": "",
    "rect": {
      "x": 44,
      "y": 21,
      "width": 102,
      "height": 150
    },
    "offset": {
      "x": -1,
      "y": 0
    },
    "originalSize": {
      "width": 192,
      "height": 192
    },
    "rotated": false,
    "capInsets": [
      0,
      0,
      0,
      0
    ],
    "vertices": {
      "rawPosition": [
        -51,
        -75,
        0,
        51,
        -75,
        0,
        -51,
        75,
        0,
        51,
        75,
        0
      ],
      "indexes": [
        0,
        1,
        2,
        2,
        1,
        3
      ],
      "uv": [
        44,
        171,
        146,
        171,
        44,
        21,
        146,
        21
      ],
      "nuv": [
        0.22916666666666666,
        0.109375,
        0.7604166666666666,
        0.109375,
        0.22916666666666666,
        0.890625,
        0.7604166666666666,
        0.890625
      ],
      "minPos": {
        "x": -51,
        "y": -75,
        "z": 0
      },
      "maxPos": {
        "x": 51,
        "y": 75,
        "z": 0
      }
    },
    "texture": "0a06258f-2f27-41c5-9065-506437e6f01d@6c48a",
    "packable": true,
    "pixelsToUnit": 100,
    "pivot": {
      "x": 0.5,
      "y": 0.5
    },
    "meshType": 0
  }
}