{
  "__type__": "cc.SpriteFrame",
  "content": {
    "name": "monster_tundra_snowman_idle",
    "atlas": "",
    "rect": {
      "x": 1,
      "y": 0,
      "width": 190,
      "height": 192
    },
    "offset": {
      "x": 0,
      "y": 0
    },
    "originalSize": {
      "width": 192,
      "height": 192
    },
    "rotated": false,
    "capInsets": [
      0,
      0,
      0,
      0
    ],
    "vertices": {
      "rawPosition": [
        -95,
        -96,
        0,
        95,
        -96,
        0,
        -95,
        96,
        0,
        95,
        96,
        0
      ],
      "indexes": [
        0,
        1,
        2,
        2,
        1,
        3
      ],
      "uv": [
        1,
        192,
        191,
        192,
        1,
        0,
        191,
        0
      ],
      "nuv": [
        0.005208333333333333,
        0,
        0.9947916666666666,
        0,
        0.005208333333333333,
        1,
        0.9947916666666666,
        1
      ],
      "minPos": {
        "x": -95,
        "y": -96,
        "z": 0
      },
      "maxPos": {
        "x": 95,
        "y": 96,
        "z": 0
      }
    },
    "texture": "0a84b72a-cce9-4e41-a25b-8adfce5abd53@6c48a",
    "packable": true,
    "pixelsToUnit": 100,
    "pivot": {
      "x": 0.5,
      "y": 0.5
    },
    "meshType": 0
  }
}