{
  "__type__": "cc.SpriteFrame",
  "content": {
    "name": "fx_ui_glow",
    "atlas": "",
    "rect": {
      "x": 9,
      "y": 53,
      "width": 175,
      "height": 515
    },
    "offset": {
      "x": 0.5,
      "y": -22.5
    },
    "originalSize": {
      "width": 192,
      "height": 576
    },
    "rotated": false,
    "capInsets": [
      0,
      0,
      0,
      0
    ],
    "vertices": {
      "rawPosition": [
        -87.5,
        -257.5,
        0,
        87.5,
        -257.5,
        0,
        -87.5,
        257.5,
        0,
        87.5,
        257.5,
        0
      ],
      "indexes": [
        0,
        1,
        2,
        2,
        1,
        3
      ],
      "uv": [
        9,
        523,
        184,
        523,
        9,
        8,
        184,
        8
      ],
      "nuv": [
        0.046875,
        0.013888888888888888,
        0.9583333333333334,
        0.013888888888888888,
        0.046875,
        0.9079861111111112,
        0.9583333333333334,
        0.9079861111111112
      ],
      "minPos": {
        "x": -87.5,
        "y": -257.5,
        "z": 0
      },
      "maxPos": {
        "x": 87.5,
        "y": 257.5,
        "z": 0
      }
    },
    "texture": "0af2cd49-727e-4b35-b0d2-c732d99fd07f@6c48a",
    "packable": true,
    "pixelsToUnit": 100,
    "pivot": {
      "x": 0.5,
      "y": 0.5
    },
    "meshType": 0
  }
}