{
  "__type__": "cc.SpriteFrame",
  "content": {
    "name": "monster_forest_mushroom_idle",
    "atlas": "",
    "rect": {
      "x": 17,
      "y": 0,
      "width": 157,
      "height": 192
    },
    "offset": {
      "x": -0.5,
      "y": 0
    },
    "originalSize": {
      "width": 192,
      "height": 192
    },
    "rotated": false,
    "capInsets": [
      0,
      0,
      0,
      0
    ],
    "vertices": {
      "rawPosition": [
        -78.5,
        -96,
        0,
        78.5,
        -96,
        0,
        -78.5,
        96,
        0,
        78.5,
        96,
        0
      ],
      "indexes": [
        0,
        1,
        2,
        2,
        1,
        3
      ],
      "uv": [
        17,
        192,
        174,
        192,
        17,
        0,
        174,
        0
      ],
      "nuv": [
        0.08854166666666667,
        0,
        0.90625,
        0,
        0.08854166666666667,
        1,
        0.90625,
        1
      ],
      "minPos": {
        "x": -78.5,
        "y": -96,
        "z": 0
      },
      "maxPos": {
        "x": 78.5,
        "y": 96,
        "z": 0
      }
    },
    "texture": "bf85c7af-a729-464e-8af3-75ef66062212@6c48a",
    "packable": true,
    "pixelsToUnit": 100,
    "pivot": {
      "x": 0.5,
      "y": 0.5
    },
    "meshType": 0
  }
}