{
  "__type__": "cc.SpriteFrame",
  "content": {
    "name": "miniboss_poisonscorpion_idle",
    "atlas": "",
    "rect": {
      "x": 9,
      "y": 9,
      "width": 174,
      "height": 173
    },
    "offset": {
      "x": 0,
      "y": 0.5
    },
    "originalSize": {
      "width": 192,
      "height": 192
    },
    "rotated": false,
    "capInsets": [
      0,
      0,
      0,
      0
    ],
    "vertices": {
      "rawPosition": [
        -87,
        -86.5,
        0,
        87,
        -86.5,
        0,
        -87,
        86.5,
        0,
        87,
        86.5,
        0
      ],
      "indexes": [
        0,
        1,
        2,
        2,
        1,
        3
      ],
      "uv": [
        9,
        183,
        183,
        183,
        9,
        10,
        183,
        10
      ],
      "nuv": [
        0.046875,
        0.052083333333333336,
        0.953125,
        0.052083333333333336,
        0.046875,
        0.953125,
        0.953125,
        0.953125
      ],
      "minPos": {
        "x": -87,
        "y": -86.5,
        "z": 0
      },
      "maxPos": {
        "x": 87,
        "y": 86.5,
        "z": 0
      }
    },
    "texture": "6df93f9f-3d5a-4c1a-8bdd-51c22f34bea2@6c48a",
    "packable": true,
    "pixelsToUnit": 100,
    "pivot": {
      "x": 0.5,
      "y": 0.5
    },
    "meshType": 0
  }
}