{
  "__type__": "cc.SpriteFrame",
  "content": {
    "name": "icon_item_bighealingpotion",
    "atlas": "",
    "rect": {
      "x": 41,
      "y": 21,
      "width": 109,
      "height": 150
    },
    "offset": {
      "x": -0.5,
      "y": 0
    },
    "originalSize": {
      "width": 192,
      "height": 192
    },
    "rotated": false,
    "capInsets": [
      0,
      0,
      0,
      0
    ],
    "vertices": {
      "rawPosition": [
        -54.5,
        -75,
        0,
        54.5,
        -75,
        0,
        -54.5,
        75,
        0,
        54.5,
        75,
        0
      ],
      "indexes": [
        0,
        1,
        2,
        2,
        1,
        3
      ],
      "uv": [
        41,
        171,
        150,
        171,
        41,
        21,
        150,
        21
      ],
      "nuv": [
        0.21354166666666666,
        0.109375,
        0.78125,
        0.109375,
        0.21354166666666666,
        0.890625,
        0.78125,
        0.890625
      ],
      "minPos": {
        "x": -54.5,
        "y": -75,
        "z": 0
      },
      "maxPos": {
        "x": 54.5,
        "y": 75,
        "z": 0
      }
    },
    "texture": "05884fbb-9be1-4557-8a85-48980ae58c10@6c48a",
    "packable": true,
    "pixelsToUnit": 100,
    "pivot": {
      "x": 0.5,
      "y": 0.5
    },
    "meshType": 0
  }
}