{
  "__type__": "cc.SpriteFrame",
  "content": {
    "name": "boss_frostqueen_attack",
    "atlas": "",
    "rect": {
      "x": 12,
      "y": 22,
      "width": 232,
      "height": 212
    },
    "offset": {
      "x": 0,
      "y": 0
    },
    "originalSize": {
      "width": 256,
      "height": 256
    },
    "rotated": false,
    "capInsets": [
      0,
      0,
      0,
      0
    ],
    "vertices": {
      "rawPosition": [
        -116,
        -106,
        0,
        116,
        -106,
        0,
        -116,
        106,
        0,
        116,
        106,
        0
      ],
      "indexes": [
        0,
        1,
        2,
        2,
        1,
        3
      ],
      "uv": [
        12,
        234,
        244,
        234,
        12,
        22,
        244,
        22
      ],
      "nuv": [
        0.046875,
        0.0859375,
        0.953125,
        0.0859375,
        0.046875,
        0.9140625,
        0.953125,
        0.9140625
      ],
      "minPos": {
        "x": -116,
        "y": -106,
        "z": 0
      },
      "maxPos": {
        "x": 116,
        "y": 106,
        "z": 0
      }
    },
    "texture": "c2de4776-4c7a-4bbb-ac72-f6f6b7fb15b4@6c48a",
    "packable": true,
    "pixelsToUnit": 100,
    "pivot": {
      "x": 0.5,
      "y": 0.5
    },
    "meshType": 0
  }
}