{
  "__type__": "cc.SpriteFrame",
  "content": {
    "name": "icon_item_scrollice",
    "atlas": "",
    "rect": {
      "x": 31,
      "y": 21,
      "width": 129,
      "height": 150
    },
    "offset": {
      "x": -0.5,
      "y": 0
    },
    "originalSize": {
      "width": 192,
      "height": 192
    },
    "rotated": false,
    "capInsets": [
      0,
      0,
      0,
      0
    ],
    "vertices": {
      "rawPosition": [
        -64.5,
        -75,
        0,
        64.5,
        -75,
        0,
        -64.5,
        75,
        0,
        64.5,
        75,
        0
      ],
      "indexes": [
        0,
        1,
        2,
        2,
        1,
        3
      ],
      "uv": [
        31,
        171,
        160,
        171,
        31,
        21,
        160,
        21
      ],
      "nuv": [
        0.16145833333333334,
        0.109375,
        0.8333333333333334,
        0.109375,
        0.16145833333333334,
        0.890625,
        0.8333333333333334,
        0.890625
      ],
      "minPos": {
        "x": -64.5,
        "y": -75,
        "z": 0
      },
      "maxPos": {
        "x": 64.5,
        "y": 75,
        "z": 0
      }
    },
    "texture": "9163c583-f45b-4b81-89cf-d2d9688b8034@6c48a",
    "packable": true,
    "pixelsToUnit": 100,
    "pivot": {
      "x": 0.5,
      "y": 0.5
    },
    "meshType": 0
  }
}