{
  "__type__": "cc.SpriteFrame",
  "content": {
    "name": "icon_item_revivecoin",
    "atlas": "",
    "rect": {
      "x": 21,
      "y": 21,
      "width": 150,
      "height": 149
    },
    "offset": {
      "x": 0,
      "y": 0.5
    },
    "originalSize": {
      "width": 192,
      "height": 192
    },
    "rotated": false,
    "capInsets": [
      0,
      0,
      0,
      0
    ],
    "vertices": {
      "rawPosition": [
        -75,
        -74.5,
        0,
        75,
        -74.5,
        0,
        -75,
        74.5,
        0,
        75,
        74.5,
        0
      ],
      "indexes": [
        0,
        1,
        2,
        2,
        1,
        3
      ],
      "uv": [
        21,
        171,
        171,
        171,
        21,
        22,
        171,
        22
      ],
      "nuv": [
        0.109375,
        0.11458333333333333,
        0.890625,
        0.11458333333333333,
        0.109375,
        0.890625,
        0.890625,
        0.890625
      ],
      "minPos": {
        "x": -75,
        "y": -74.5,
        "z": 0
      },
      "maxPos": {
        "x": 75,
        "y": 74.5,
        "z": 0
      }
    },
    "texture": "7d2c18be-e985-4b0a-ac33-72a84e51a8e1@6c48a",
    "packable": true,
    "pixelsToUnit": 100,
    "pivot": {
      "x": 0.5,
      "y": 0.5
    },
    "meshType": 0
  }
}