{
  "__type__": "cc.SpriteFrame",
  "content": {
    "name": "boss_frostqueen_skill",
    "atlas": "",
    "rect": {
      "x": 39,
      "y": 12,
      "width": 177,
      "height": 232
    },
    "offset": {
      "x": -0.5,
      "y": 0
    },
    "originalSize": {
      "width": 256,
      "height": 256
    },
    "rotated": false,
    "capInsets": [
      0,
      0,
      0,
      0
    ],
    "vertices": {
      "rawPosition": [
        -88.5,
        -116,
        0,
        88.5,
        -116,
        0,
        -88.5,
        116,
        0,
        88.5,
        116,
        0
      ],
      "indexes": [
        0,
        1,
        2,
        2,
        1,
        3
      ],
      "uv": [
        39,
        244,
        216,
        244,
        39,
        12,
        216,
        12
      ],
      "nuv": [
        0.15234375,
        0.046875,
        0.84375,
        0.046875,
        0.15234375,
        0.953125,
        0.84375,
        0.953125
      ],
      "minPos": {
        "x": -88.5,
        "y": -116,
        "z": 0
      },
      "maxPos": {
        "x": 88.5,
        "y": 116,
        "z": 0
      }
    },
    "texture": "102bcd4a-87a8-4c9c-b1f5-f49e11ad83ac@6c48a",
    "packable": true,
    "pixelsToUnit": 100,
    "pivot": {
      "x": 0.5,
      "y": 0.5
    },
    "meshType": 0
  }
}