{
  "__type__": "cc.SpriteFrame",
  "content": {
    "name": "miniboss_warden_forest_idle",
    "atlas": "",
    "rect": {
      "x": 42,
      "y": 9,
      "width": 108,
      "height": 174
    },
    "offset": {
      "x": 0,
      "y": 0
    },
    "originalSize": {
      "width": 192,
      "height": 192
    },
    "rotated": false,
    "capInsets": [
      0,
      0,
      0,
      0
    ],
    "vertices": {
      "rawPosition": [
        -54,
        -87,
        0,
        54,
        -87,
        0,
        -54,
        87,
        0,
        54,
        87,
        0
      ],
      "indexes": [
        0,
        1,
        2,
        2,
        1,
        3
      ],
      "uv": [
        42,
        183,
        150,
        183,
        42,
        9,
        150,
        9
      ],
      "nuv": [
        0.21875,
        0.046875,
        0.78125,
        0.046875,
        0.21875,
        0.953125,
        0.78125,
        0.953125
      ],
      "minPos": {
        "x": -54,
        "y": -87,
        "z": 0
      },
      "maxPos": {
        "x": 54,
        "y": 87,
        "z": 0
      }
    },
    "texture": "cd3740b6-728f-463b-b628-0534d92bee8a@6c48a",
    "packable": true,
    "pixelsToUnit": 100,
    "pivot": {
      "x": 0.5,
      "y": 0.5
    },
    "meshType": 0
  }
}