{
  "__type__": "cc.SpriteFrame",
  "content": {
    "name": "monster_forest_deerelite_idle",
    "atlas": "",
    "rect": {
      "x": 47,
      "y": 0,
      "width": 98,
      "height": 192
    },
    "offset": {
      "x": 0,
      "y": 0
    },
    "originalSize": {
      "width": 192,
      "height": 192
    },
    "rotated": false,
    "capInsets": [
      0,
      0,
      0,
      0
    ],
    "vertices": {
      "rawPosition": [
        -49,
        -96,
        0,
        49,
        -96,
        0,
        -49,
        96,
        0,
        49,
        96,
        0
      ],
      "indexes": [
        0,
        1,
        2,
        2,
        1,
        3
      ],
      "uv": [
        47,
        192,
        145,
        192,
        47,
        0,
        145,
        0
      ],
      "nuv": [
        0.24479166666666666,
        0,
        0.7552083333333334,
        0,
        0.24479166666666666,
        1,
        0.7552083333333334,
        1
      ],
      "minPos": {
        "x": -49,
        "y": -96,
        "z": 0
      },
      "maxPos": {
        "x": 49,
        "y": 96,
        "z": 0
      }
    },
    "texture": "e10703be-2e33-48e8-b33b-2efb70140328@6c48a",
    "packable": true,
    "pixelsToUnit": 100,
    "pivot": {
      "x": 0.5,
      "y": 0.5
    },
    "meshType": 0
  }
}