{
  "__type__": "cc.SpriteFrame",
  "content": {
    "name": "miniboss_shadowdragon_idle",
    "atlas": "",
    "rect": {
      "x": 9,
      "y": 22,
      "width": 174,
      "height": 148
    },
    "offset": {
      "x": 0,
      "y": 0
    },
    "originalSize": {
      "width": 192,
      "height": 192
    },
    "rotated": false,
    "capInsets": [
      0,
      0,
      0,
      0
    ],
    "vertices": {
      "rawPosition": [
        -87,
        -74,
        0,
        87,
        -74,
        0,
        -87,
        74,
        0,
        87,
        74,
        0
      ],
      "indexes": [
        0,
        1,
        2,
        2,
        1,
        3
      ],
      "uv": [
        9,
        170,
        183,
        170,
        9,
        22,
        183,
        22
      ],
      "nuv": [
        0.046875,
        0.11458333333333333,
        0.953125,
        0.11458333333333333,
        0.046875,
        0.8854166666666666,
        0.953125,
        0.8854166666666666
      ],
      "minPos": {
        "x": -87,
        "y": -74,
        "z": 0
      },
      "maxPos": {
        "x": 87,
        "y": 74,
        "z": 0
      }
    },
    "texture": "e1d2795a-0add-4fd6-a57b-aaf792c0b2c7@6c48a",
    "packable": true,
    "pixelsToUnit": 100,
    "pivot": {
      "x": 0.5,
      "y": 0.5
    },
    "meshType": 0
  }
}