{
  "__type__": "cc.SpriteFrame",
  "content": {
    "name": "monster_abyss_voidrift_idle",
    "atlas": "",
    "rect": {
      "x": 0,
      "y": 13,
      "width": 192,
      "height": 165
    },
    "offset": {
      "x": 0,
      "y": 0.5
    },
    "originalSize": {
      "width": 192,
      "height": 192
    },
    "rotated": false,
    "capInsets": [
      0,
      0,
      0,
      0
    ],
    "vertices": {
      "rawPosition": [
        -96,
        -82.5,
        0,
        96,
        -82.5,
        0,
        -96,
        82.5,
        0,
        96,
        82.5,
        0
      ],
      "indexes": [
        0,
        1,
        2,
        2,
        1,
        3
      ],
      "uv": [
        0,
        179,
        192,
        179,
        0,
        14,
        192,
        14
      ],
      "nuv": [
        0,
        0.07291666666666667,
        1,
        0.07291666666666667,
        0,
        0.9322916666666666,
        1,
        0.9322916666666666
      ],
      "minPos": {
        "x": -96,
        "y": -82.5,
        "z": 0
      },
      "maxPos": {
        "x": 96,
        "y": 82.5,
        "z": 0
      }
    },
    "texture": "2ba178c5-0a44-4755-b48f-c321366af149@6c48a",
    "packable": true,
    "pixelsToUnit": 100,
    "pivot": {
      "x": 0.5,
      "y": 0.5
    },
    "meshType": 0
  }
}