{
  "__type__": "cc.SpriteFrame",
  "content": {
    "name": "boss_abyssoverlord_idle",
    "atlas": "",
    "rect": {
      "x": 61,
      "y": 12,
      "width": 134,
      "height": 232
    },
    "offset": {
      "x": 0,
      "y": 0
    },
    "originalSize": {
      "width": 256,
      "height": 256
    },
    "rotated": false,
    "capInsets": [
      0,
      0,
      0,
      0
    ],
    "vertices": {
      "rawPosition": [
        -67,
        -116,
        0,
        67,
        -116,
        0,
        -67,
        116,
        0,
        67,
        116,
        0
      ],
      "indexes": [
        0,
        1,
        2,
        2,
        1,
        3
      ],
      "uv": [
        61,
        244,
        195,
        244,
        61,
        12,
        195,
        12
      ],
      "nuv": [
        0.23828125,
        0.046875,
        0.76171875,
        0.046875,
        0.23828125,
        0.953125,
        0.76171875,
        0.953125
      ],
      "minPos": {
        "x": -67,
        "y": -116,
        "z": 0
      },
      "maxPos": {
        "x": 67,
        "y": 116,
        "z": 0
      }
    },
    "texture": "7e8f9835-34a8-4c1a-a6ba-b6bb7cf3a3de@6c48a",
    "packable": true,
    "pixelsToUnit": 100,
    "pivot": {
      "x": 0.5,
      "y": 0.5
    },
    "meshType": 0
  }
}