{
  "__type__": "cc.SpriteFrame",
  "content": {
    "name": "icon_relic_lifelink",
    "atlas": "",
    "rect": {
      "x": 21,
      "y": 35,
      "width": 150,
      "height": 121
    },
    "offset": {
      "x": 0,
      "y": 0.5
    },
    "originalSize": {
      "width": 192,
      "height": 192
    },
    "rotated": false,
    "capInsets": [
      0,
      0,
      0,
      0
    ],
    "vertices": {
      "rawPosition": [
        -75,
        -60.5,
        0,
        75,
        -60.5,
        0,
        -75,
        60.5,
        0,
        75,
        60.5,
        0
      ],
      "indexes": [
        0,
        1,
        2,
        2,
        1,
        3
      ],
      "uv": [
        21,
        157,
        171,
        157,
        21,
        36,
        171,
        36
      ],
      "nuv": [
        0.109375,
        0.1875,
        0.890625,
        0.1875,
        0.109375,
        0.8177083333333334,
        0.890625,
        0.8177083333333334
      ],
      "minPos": {
        "x": -75,
        "y": -60.5,
        "z": 0
      },
      "maxPos": {
        "x": 75,
        "y": 60.5,
        "z": 0
      }
    },
    "texture": "d44442f9-a9e3-4bc8-bc2c-640c63a22a15@6c48a",
    "packable": true,
    "pixelsToUnit": 100,
    "pivot": {
      "x": 0.5,
      "y": 0.5
    },
    "meshType": 0
  }
}