{
  "__type__": "cc.SpriteFrame",
  "content": {
    "name": "icon_ability_lifestealaura",
    "atlas": "",
    "rect": {
      "x": 10,
      "y": 11,
      "width": 236,
      "height": 234
    },
    "offset": {
      "x": 0,
      "y": 0
    },
    "originalSize": {
      "width": 256,
      "height": 256
    },
    "rotated": false,
    "capInsets": [
      0,
      0,
      0,
      0
    ],
    "vertices": {
      "rawPosition": [
        -118,
        -117,
        0,
        118,
        -117,
        0,
        -118,
        117,
        0,
        118,
        117,
        0
      ],
      "indexes": [
        0,
        1,
        2,
        2,
        1,
        3
      ],
      "uv": [
        10,
        245,
        246,
        245,
        10,
        11,
        246,
        11
      ],
      "nuv": [
        0.0390625,
        0.04296875,
        0.9609375,
        0.04296875,
        0.0390625,
        0.95703125,
        0.9609375,
        0.95703125
      ],
      "minPos": {
        "x": -118,
        "y": -117,
        "z": 0
      },
      "maxPos": {
        "x": 118,
        "y": 117,
        "z": 0
      }
    },
    "texture": "d4b4f47d-e6e9-4207-8643-ace7b2048072@6c48a",
    "packable": true,
    "pixelsToUnit": 100,
    "pivot": {
      "x": 0.5,
      "y": 0.5
    },
    "meshType": 0
  }
}