{
  "__type__": "cc.SpriteFrame",
  "content": {
    "name": "boss_frostqueen_death",
    "atlas": "",
    "rect": {
      "x": 8,
      "y": 3,
      "width": 47,
      "height": 250
    },
    "offset": {
      "x": -0.5,
      "y": 0
    },
    "originalSize": {
      "width": 64,
      "height": 256
    },
    "rotated": false,
    "capInsets": [
      0,
      0,
      0,
      0
    ],
    "vertices": {
      "rawPosition": [
        -23.5,
        -125,
        0,
        23.5,
        -125,
        0,
        -23.5,
        125,
        0,
        23.5,
        125,
        0
      ],
      "indexes": [
        0,
        1,
        2,
        2,
        1,
        3
      ],
      "uv": [
        8,
        253,
        55,
        253,
        8,
        3,
        55,
        3
      ],
      "nuv": [
        0.125,
        0.01171875,
        0.859375,
        0.01171875,
        0.125,
        0.98828125,
        0.859375,
        0.98828125
      ],
      "minPos": {
        "x": -23.5,
        "y": -125,
        "z": 0
      },
      "maxPos": {
        "x": 23.5,
        "y": 125,
        "z": 0
      }
    },
    "texture": "a879c11c-ef6c-4499-b475-00872f87bbcd@6c48a",
    "packable": true,
    "pixelsToUnit": 100,
    "pivot": {
      "x": 0.5,
      "y": 0.5
    },
    "meshType": 0
  }
}