{
  "__type__": "cc.SpriteFrame",
  "content": {
    "name": "fx_ui_loading",
    "atlas": "",
    "rect": {
      "x": 9,
      "y": 75,
      "width": 175,
      "height": 460
    },
    "offset": {
      "x": 0.5,
      "y": -17
    },
    "originalSize": {
      "width": 192,
      "height": 576
    },
    "rotated": false,
    "capInsets": [
      0,
      0,
      0,
      0
    ],
    "vertices": {
      "rawPosition": [
        -87.5,
        -230,
        0,
        87.5,
        -230,
        0,
        -87.5,
        230,
        0,
        87.5,
        230,
        0
      ],
      "indexes": [
        0,
        1,
        2,
        2,
        1,
        3
      ],
      "uv": [
        9,
        501,
        184,
        501,
        9,
        41,
        184,
        41
      ],
      "nuv": [
        0.046875,
        0.07118055555555555,
        0.9583333333333334,
        0.07118055555555555,
        0.046875,
        0.8697916666666666,
        0.9583333333333334,
        0.8697916666666666
      ],
      "minPos": {
        "x": -87.5,
        "y": -230,
        "z": 0
      },
      "maxPos": {
        "x": 87.5,
        "y": 230,
        "z": 0
      }
    },
    "texture": "b1c86752-4c84-414c-8b66-6d35ecec8528@6c48a",
    "packable": true,
    "pixelsToUnit": 100,
    "pivot": {
      "x": 0.5,
      "y": 0.5
    },
    "meshType": 0
  }
}