{
  "__type__": "cc.SpriteFrame",
  "content": {
    "name": "fx_relic_gravity_stone",
    "atlas": "",
    "rect": {
      "x": 9,
      "y": 73,
      "width": 175,
      "height": 653
    },
    "offset": {
      "x": 0.5,
      "y": -15.5
    },
    "originalSize": {
      "width": 192,
      "height": 768
    },
    "rotated": false,
    "capInsets": [
      0,
      0,
      0,
      0
    ],
    "vertices": {
      "rawPosition": [
        -87.5,
        -326.5,
        0,
        87.5,
        -326.5,
        0,
        -87.5,
        326.5,
        0,
        87.5,
        326.5,
        0
      ],
      "indexes": [
        0,
        1,
        2,
        2,
        1,
        3
      ],
      "uv": [
        9,
        695,
        184,
        695,
        9,
        42,
        184,
        42
      ],
      "nuv": [
        0.046875,
        0.0546875,
        0.9583333333333334,
        0.0546875,
        0.046875,
        0.9049479166666666,
        0.9583333333333334,
        0.9049479166666666
      ],
      "minPos": {
        "x": -87.5,
        "y": -326.5,
        "z": 0
      },
      "maxPos": {
        "x": 87.5,
        "y": 326.5,
        "z": 0
      }
    },
    "texture": "9c6ed2bb-e0d2-4e99-b856-75659bce38d2@6c48a",
    "packable": true,
    "pixelsToUnit": 100,
    "pivot": {
      "x": 0.5,
      "y": 0.5
    },
    "meshType": 0
  }
}