{
  "__type__": "cc.SpriteFrame",
  "content": {
    "name": "fx_reaction_corrode",
    "atlas": "",
    "rect": {
      "x": 22,
      "y": 68,
      "width": 145,
      "height": 678
    },
    "offset": {
      "x": -1.5,
      "y": -23
    },
    "originalSize": {
      "width": 192,
      "height": 768
    },
    "rotated": false,
    "capInsets": [
      0,
      0,
      0,
      0
    ],
    "vertices": {
      "rawPosition": [
        -72.5,
        -339,
        0,
        72.5,
        -339,
        0,
        -72.5,
        339,
        0,
        72.5,
        339,
        0
      ],
      "indexes": [
        0,
        1,
        2,
        2,
        1,
        3
      ],
      "uv": [
        22,
        700,
        167,
        700,
        22,
        22,
        167,
        22
      ],
      "nuv": [
        0.11458333333333333,
        0.028645833333333332,
        0.8697916666666666,
        0.028645833333333332,
        0.11458333333333333,
        0.9114583333333334,
        0.8697916666666666,
        0.9114583333333334
      ],
      "minPos": {
        "x": -72.5,
        "y": -339,
        "z": 0
      },
      "maxPos": {
        "x": 72.5,
        "y": 339,
        "z": 0
      }
    },
    "texture": "67c79681-b191-4d72-9ed5-06fc06a49ed3@6c48a",
    "packable": true,
    "pixelsToUnit": 100,
    "pivot": {
      "x": 0.5,
      "y": 0.5
    },
    "meshType": 0
  }
}