{
  "__type__": "cc.SpriteFrame",
  "content": {
    "name": "icon_item_purifypotion",
    "atlas": "",
    "rect": {
      "x": 42,
      "y": 21,
      "width": 108,
      "height": 150
    },
    "offset": {
      "x": 0,
      "y": 0
    },
    "originalSize": {
      "width": 192,
      "height": 192
    },
    "rotated": false,
    "capInsets": [
      0,
      0,
      0,
      0
    ],
    "vertices": {
      "rawPosition": [
        -54,
        -75,
        0,
        54,
        -75,
        0,
        -54,
        75,
        0,
        54,
        75,
        0
      ],
      "indexes": [
        0,
        1,
        2,
        2,
        1,
        3
      ],
      "uv": [
        42,
        171,
        150,
        171,
        42,
        21,
        150,
        21
      ],
      "nuv": [
        0.21875,
        0.109375,
        0.78125,
        0.109375,
        0.21875,
        0.890625,
        0.78125,
        0.890625
      ],
      "minPos": {
        "x": -54,
        "y": -75,
        "z": 0
      },
      "maxPos": {
        "x": 54,
        "y": 75,
        "z": 0
      }
    },
    "texture": "67f63c2d-3bc4-44c3-bb52-e3d778936575@6c48a",
    "packable": true,
    "pixelsToUnit": 100,
    "pivot": {
      "x": 0.5,
      "y": 0.5
    },
    "meshType": 0
  }
}