{
  "__type__": "cc.SpriteFrame",
  "content": {
    "name": "item_healthPotion",
    "atlas": "",
    "rect": {
      "x": 43,
      "y": 21,
      "width": 105,
      "height": 150
    },
    "offset": {
      "x": -0.5,
      "y": 0
    },
    "originalSize": {
      "width": 192,
      "height": 192
    },
    "rotated": false,
    "capInsets": [
      0,
      0,
      0,
      0
    ],
    "vertices": {
      "rawPosition": [
        -52.5,
        -75,
        0,
        52.5,
        -75,
        0,
        -52.5,
        75,
        0,
        52.5,
        75,
        0
      ],
      "indexes": [
        0,
        1,
        2,
        2,
        1,
        3
      ],
      "uv": [
        43,
        171,
        148,
        171,
        43,
        21,
        148,
        21
      ],
      "nuv": [
        0.22395833333333334,
        0.109375,
        0.7708333333333334,
        0.109375,
        0.22395833333333334,
        0.890625,
        0.7708333333333334,
        0.890625
      ],
      "minPos": {
        "x": -52.5,
        "y": -75,
        "z": 0
      },
      "maxPos": {
        "x": 52.5,
        "y": 75,
        "z": 0
      }
    },
    "texture": "8935553b-ea86-44f6-b38e-dd2ea1cabc78@6c48a",
    "packable": true,
    "pixelsToUnit": 100,
    "pivot": {
      "x": 0.5,
      "y": 0.5
    },
    "meshType": 0
  }
}